heading,papers
keywords,23
pdf download,20
pdf,20
itation in bibtex format,20
s concepts,19
development,13
background and related work,12
december 2025,10
february 2026,10
given [context],8
then,8
testing,8
total,8
table 1,8
years,8
when,7
table 2,7
bdd,7
scenario,7
year,7
and,7
i n f o,6
table 3,6
table 4,6
behavior-driven development,6
requirements,6
for,6
s,6
software,6
the,6
given,6
title (one line describing the story),5
want [feature],5
agile,5
jbehave,5
data analysis,5
table 5,5
table 6,5
table 7,5
external validity,5
test,5
then [outcome],5
discussion and conclusion,5
process,5
end,5
min,5
program committee,5
example,5
behavior driven development,5
research methodology,5
d,5
as a [role],4
so that [benefit],4
scenario 1: title,4
event,4
behaviour driven development,4
n,4
nformation and software technology,4
table 8,4
software testing,4
driven,4
#,4
goal,4
imitations and future work,4
ecture notes,4
in business information processing,4
series editors,4
preface,4
organization,4
ontents,4
amigos,4
ontext,4
hypotheses,4
hypothesis testing,4
related works,4
discussion and conclusions,4
author index,4
trabalhos relacionados,4
agradecimentos,4
a,4
automation,4
user,4
behavior,3
as a frequent traveler,3
scenario: one-way tickets search,3
"when i choose ""one way""",3
"and i click on ""search""",3
user stories,3
action,3
total citations: 7,3
ases,3
technique,3
sequence,3
ucumber,3
role,3
features,3
acceptance,3
redit authorship contribution statement,3
declaration of competing interest,3
agile processes,3
in software engineering,3
and extreme programming,3
additional reviewers,3
ontributions,3
ariables,3
pilot study,3
descriptive analysis,3
nternal validity,3
onstruct validity,3
onclusion validity,3
data collection and analysis,3
"(2), 77-101 (2006)",3
environment,3
ase organisation and study design,3
(2010),3
responsibility,3
management,3
ase,3
ase description,3
study setup,3
alidity threats,3
-,3
introdução,3
referências,3
execute,3
melanie diepenbeck1,3
else,3
tool,3
scenarios,3
"porto alegre, rs, brazil",3
question,3
type,3
university of stugart,3
an,3
motivating example,3
behavior-driven,3
problem statement,3
project,3
months,3
procedure,3
total citations: 5,3
description,3
t,3
scenario: [title],3
when [some event occurs],3
discussion and future work,3
future work,3
discussions,3
total citations: 3,3
acceptance criteria: (presented as scenarios),2
user story: flight tickets search,2
"given i go to ""find flights""",2
"then will be displayed ""choose flights""",2
with,2
total citations: 4,2
published: 23 september 2019,2
proof of concept,2
ondition,2
state b,2
state a,2
total downloads: 292,2
hendrik bünder,2
itemis ag,2
herbert kuchen,2
"ercis, university of münster",2
specifying the calendar web application,2
definition,2
slang feature definition,2
slang mapping definition,2
generating automatically executable test,2
slang wireframesketcher integration,2
slang technical foundations,2
slang feature dsl,2
slang feature and mapping generator,2
slang mapping dsl,2
mean,2
slang,2
source,2
f,2
df,2
period,2
construct validity,2
internal validity,2
",",2
phases,2
a. ubiquitous language,2
want a [feature],2
when [event],2
specflow,2
|,2
orrespondence,2
k e y w o r d s,2
theme,2
requirements analysis,2
participant,2
participants,2
phase,2
nput,2
output,2
deployment,2
orcid,2
from,2
class,2
in,2
experimental set-up,2
requirements validation,2
requirement,2
table 9,2
table 10,2
table 11,2
juan garbajosa · xiaofeng wang,2
ademar aguiar (eds.),2
nbip 314,2
"th international conference, xp 2018",2
"porto, portugal, may 21-25, 2018",2
juan garbajosa,2
• xiaofeng wang,2
research papers co-chairs,2
research workshops co-chairs,2
research posters co-chairs,2
doctoral symposium co-chairs,2
ndustry and practice co-chairs,2
experience reports co-chairs,2
agile in education and training co-chairs,2
tools and demos co-chairs,2
tutorials and workshops co-chairs,2
openspace chair,2
panels chair,2
media design chair,2
ommunication design,2
press and media sponsors,2
sponsors liaison,2
student volunteers co-chairs,2
ocal arrangements,2
agile portugal liaison,2
agile alliance liaison,2
steering committee,2
nstitutional partners,2
agile requirements,2
osmic user story standard,2
"tiaraj´u avenue, alegrete, rs, brazil",2
"unbabel, lisbon, portugal",2
agile requirements · agile development,2
m. ecar et al.,2
osmic method,2
user story overview,2
fig. 4. context-free grammar,2
survey,2
fig. 5. first statement,2
table 6. example using traditional template,2
can rent it,2
table 7. example using cuss,2
"cohn,",2
mproving mockup-based requirement,2
specification with end-user annotations,2
"conicet, buenos aires, argentina",2
m. urbieta et al.,2
enhancing mockups with end-user annotations,2
p subjectj; mf,2
r subjectj; mf,2
onclusion and further work,2
(2017),2
agile testing,2
ombining stpa and bdd for safety,2
analysis and verification in agile,2
development: a controlled experiment,2
y. wang and s. wagner,2
stpa integrated bdd for safety analysis,2
and verification (stpa-bdd),2
fig. 1. stpa-bdd concept,2
fig. 2. bdd safety verification example,2
experiment design (we follow the guideline,2
by wohlin et al. [32].),2
experiment operation,2
fig. 3. experiment operation,2
table 2. descriptive statistic,2
0.24,2
0.45,2
0.19,2
0.65,2
0.22,2
0.57,2
0.29,2
0.60,2
0.01,2
0.02,2
0.38,2
1.00,2
0.49,2
0.83,2
0.36,2
0.88,2
0.46,2
0.81,2
−2.00 1.50,2
0.70,2
−1.00 1.00,2
−2.00 0.00,2
−0.75,2
1.13,2
−2.00 0.50,2
−0.67,2
"eng. 4, 279-290 (1977)",2
"softw. technol. 46(5), 337-342 (2004)",2
r. florea and v. stray,2
36%,2
mplications,2
(2005),2
developers' initial perceptions on tdd,2
practice: a thematic analysis with,2
distinct domains and languages,2
j. choma et al.,2
table 1. projects characterization,2
table 2. software metrics,2
table 3. difficulties in applying tdd,2
a previous test failed,2
table 5. key benefits of tdd,2
table 6. tdd for software design,2
practically did not have to,2
table 6. (continued),2
table 7. use of mock objects,2
"onclusion, limitations and future work",2
"quality. ieee softw. 23(6), 70-71 (2006)",2
"gramming. ieee softw. 24(3), 24-30 (2007)",2
ieee (2009),2
myths and facts about static,2
an action research at telenor digital,2
"telenor digital, oslo, norway",2
t. d. oyetoyan et al.,2
evaluating static analysis tools,2
table 1. weakness categories [13],2
performance metrics,2
t p,2
t p +f n,2
t p +f p,2
results of tools' evaluation,2
1275,2
3834 1085,2
4338,2
2736,2
nterview,2
practices and demography,2
discussions and implications,2
"(3), 259-279 (2013)",2
"secur. comput. 11(6), 497-509 (2014)",2
center,2
"eng. 32(4), 240-253 (2006)",2
automated acceptance tests as software,2
requirements: an experiment to compare,2
the applicability of fit tables,2
and gherkin language,2
write a new test case.,2
refactor code to remove duplication.,2
experiment definition,2
results and data analysis,2
threats to the validity,2
(2009),2
agile transformation,2
s. theobald and p. diebold,2
"(8, 1, 1)",2
"(3, 2, 0)",2
"(2, 2, 0)",2
"(0, 1, 0)",2
"(8, 3, 0)",2
"(0, 2, 0)",2
"(0, 2, 5)",2
"(1, 0, 0)",2
"(3, 3, 6)",2
"(1, 1, 9)",2
"(3, 1, 4)",2
"(3, 1, 0)",2
"(2, 1, 0)",2
"(2, 2, 2)",2
"(0, 2, 2)",2
"(8, 1, 0)",2
"(11, 4,",2
"(1, 1, 3)",2
"(11, 3, 2)",2
"(0, 3, 0)",2
(2013),2
enterprise agility: why is transformation,2
so hard?,2
organisational culture  leadership,2
t. karvonen et al.,2
(2014),2
a latin-american survey,2
n. paez et al.,2
results and findings,2
(89/107),2
(76/107),2
(67/107),2
(64/107),2
(47/107),2
(40/107),2
(37/107),2
(21/107),2
mar 2018,2
agile software development - adoption,2
and maturity: an activity theory perspective,2
agile maturity,2
p. chita,2
activity theory (at),2
research conducted,2
further research,2
(2001),2
scaling agile,2
do agile methods work for large,2
software projects?,2
m. jørgensen,2
the survey,2
of retrospectives in large-scale,2
agile development,2
earning  process improvement,2
t. dingsøyr et al.,2
"routines, metrics and artefacts",2
to maintain an effective oversight,2
"accenture b.v., liquid studio,",2
j. stettina and l. schoemaker,2
nitiatives through agile portfolio management,2
of agile teams,2
a telco,2
b electronics,2
telco,2
d finance,2
e government,2
f aviation,2
g it service,2
h public,2
j e-commerce,2
analysis and discussion,2
development and process,2
product,2
and pmo-driven,2
e or g allows for such.,2
"manag. rev. 45(3), 41 (2004)",2
nter-team coordination in large-scale,2
agile development: a case study,2
of three enabling mechanisms,2
project management · portfolio management,2
arge-scale development and coordination,2
frameworks,2
f. o. bjørnson et al.,2
oordinating multiple teams,2
structure and organisation,2
nter-team coordination,2
shared mental model,2
losed-loop communication,2
trust,2
"omput. surv. (csur) 26(1), 87-119 (1994)",2
"res. 36(5), 555-599 (2005)",2
"(3), 276-290 (2011)",2
"organ. psychol. 2, 289-313 (2001)",2
"(1/2), 64-83 (2017)",2
"psychol. 84(3), 445 (1999)",2
"craft. inf. organ. 17(1), 2-26 (2007)",2
supporting large-scale agile,2
development with domain-driven design,2
"technische universit¨at m¨unchen (tum),",2
"garching bei m¨unchen, germany",2
yes,2
emergent &,2
ase study design,2
framework,2
"coexist? ieee softw. 27(2), 16-22 (2010)",2
"ers. ieee softw. 27(5), 8-9 (2010)",2
towards agile scalability engineering,2
"sintef digital, trondheim, norway",2
"evry norway as, fornebu, norway",2
g. brataas et al.,2
the scrumscale method,2
"j. 14(1), 65-86 (2004)",2
human-centric agile,2
practices and outcomes,2
"carleton university, ottawa, canada",2
a. meier et al.,2
and 5).,2
ti effectiveness of meetings,2
si_software.architecture < 2.5,2
si_defect.rate < 3.5,2
ti_effectiveness.of.meetings < 3.5,2
bi_delivery.predictability < 4.5,2
tp_continuous.delivery  3.5,2
p_on.site.customer  2.5,2
p_self.organizing.team < 4.5,2
pp_user.stories < 4.5,2
p_on.site.customer < 1.5,2
(1978),2
exploring differences between small,2
and large agile projects,2
"university of oslo, oslo, norway",2
"sintef, 7465 trondheim, norway",2
y. lindsjørn et al.,2
"j. syst. softw. 114, 101-124 (2016)",2
ontinuous experimentation,2
hallenges and strategies for undertaking,2
ontinuous experimentation to embedded,2
systems: industry and research perspectives,2
ontrolled experiments  embedded systems,2
d. i. mattos et al.,2
hallenges and proposed strategies,2
os overview: should investors choose,2
an ico developed with the lean,2
startup methodology?,2
s. ibba et al.,2
os: overview,2
the main characteristics of icos,2
how does an ico works?,2
overview of icos phenomenon statistics,2
(7),2
(0),2
(3),2
(10+5),2
(9),2
days,2
days 10.87,2
fig. 1. team size distribution,2
os' critical aspects,2
os as lean startups,2
three different case studies,2
dogood,2
blockchain-fueled,2
social,2
platform,2
ean,2
"softw. 29(5), 26-32 (2012)",2
"(1), 1-16 (2014)",2
"res. appl. 27, 106-117 (2018)",2
specification and user stories,2
universidade federal do amazonas,2
universidade federal do estado do rio,2
(ufam) manaus - am - brazil,2
"{ana.oran, elizamary.souza}",2
de janeiro (unirio),2
user story usada em behavior driven,2
development (bdd),2
especificação de requisitos de,2
caso de uso,2
planejamento do estudo,2
estudo experimental,2
treinamento.,2
mockups,2
uso (uc) e user story (us),2
o que é isso?,2
"a descrição no campo ""dado que""",2
o sequenciamento nos fluxos,2
a descrição do cenário está,2
o nome do cenário permite,2
execução do estudo,2
análise dos resultados,2
resultados quantitativos,2
figura,2
números,2
de,2
defeitos,2
encontrados,2
nas,2
e 2,2
e 1,2
e 4,2
e 3,2
tabela 6: defeitos encontrados nos mockups,2
o que é,2
o fluxo de exceção 1,2
figura 3: corretude dos mockups criados,2
figura 5: defeitos propagados para mockups,2
resultados qualitativos,2
análise dos resultados gerais. os,2
conclusão,2
discussão,2
issn 1980-7031.,2
brazil,2
total citations: 1,2
ntrodução,2
behavior driven development (bdd),2
stars,2
forks,2
resultados,2
#.c world scienti¯c publishing company,2
application development,2
related terminologies,2
mobile application testing,2
"user stories, ac, test scenarios",2
domain-speci¯c language,2
formal speci¯cation methods,2
xtext and xtend framework,2
automation testing using cucumber tool,2
want to hperform some,2
want to be able to,2
invoke smt solver,2
return output.csv,2
"createbdd (bdd.feature, output.csv)",2
h,2
(not use heuristics),2
(use heuristics),2
conclusion and future scope,2
xtext documentation,2
specifications,2
research questions,2
want,2
application of bhive to system development,2
identify features,2
define,2
extend/adapt,2
derive test,2
analyze,2
abstract-nowadays,2
usually,2
"mathias soeken1,2",2
"rolf drechsler1,2",2
scenario: adding two numbers,2
given a calculator,2
then i see the result 9,2
scenario outline: adding two numbers,2
then i see the result <c>,2
scope,2
published: 21 may 2018,2
gabriel oliveira,2
sabrina marczak,2
aspect,2
"sul, porto alegre, rs, brazil",2
"alegre, rs, brazil",2
nicolas nascimento,2
"pucrs, school of technology",2
alan r. santos,2
afonso sales,2
rafael chanin,2
behavior-driven development (bdd),2
tem,2
between,2
on,2
essons learned,2
ref,2
story,2
literature study,2
projects,2
running examples,2
1,2
lessons learned,2
program co-chairs,2
agile practices,2
execution,2
s/n,2
discussion and threats to validity,2
diagnosing,2
next steps,2
mapping,2
security,2
university of stuttgart,2
attribute,2
%,2
o,2
of,2
experience report,2
x,2
"given [context], when [event], then [outcome]",2
3,2
systems,2
page,2
begin,2
steps,2
vsm-based microservice matching,2
(,2
),2
attributes,2
preparation,2
development process,2
open access,2
,2
online ,2
articles you may be interested in,2
feature [title] - [transaction id],2
regulatory,2
summary and future work,2
electronic health record system,2
regulation,2
itrust,2
openemr,2
tolven 2.1,2
position,2
evaluation & discussion,2
user story,2
isting,2
author keywords,2
acm classification keywords,2
a behavior-based ontology for supporting,1
automated assessment of interactive systems,1
thiago rocha silva,1
jean-luc hak,1
marco winckler,1
a. computational ontologies and related works,1
b. user stories,1
when  [event],1
then  [outcome],1
b. data properties,1
a. modeling of interaction elements,1
modeling of the state machine,1
d. object properties,1
behaviors:,1
relations:,1
a. consistency checking,1
transition interaction elements,1
b. validation by a case study,1
public class mypages {,1
a. future works,1
behavior-driven intent specification design,1
b. chain intent interpretation workflow,1
intent interpretation workflow,1
a. general workflow,1
ompute2,1
ompute3,1
network/controller/compute1,1
br-ex,1
br-int,1
ryu,1
br-tun,1
ovs0,1
data network,1
onos,1
evaluation results,1
prototype implementation and testbed,1
ntent-based,1
firewall,1
programming,1
iptables. to,1
node-c,1
f-1,1
f-3,1
f-t,1
data rate [mbps],1
105 120 135 150,1
time [s],1
flow blacklisted,1
flow blacklisted/whitelisted,1
flows whitelisted,1
f i r s t,1
-3105.622,1
-2962.033,1
-4.998,1
-5.451,1
total downloads: 226,1
paerns,1
federal university of são carlos,1
federal university of goiás,1
test patterns,1
taciana novo kudo∗,1
renato f. bulcão-neto,1
departmento de computação,1
universidade federal de são carlos,1
nstituto de informática,1
universidade federal de goiás,1
auri m. r. vincenzi,1
"são carlos, são paulo, brazil",1
"goiânia, goiás, brazil",1
the sopamm conceptual metamodel,1
softwarepattern and softwarepatternbag,1
relationships of sp and spb,1
requirement pattern definitions,1
testpattern definitions,1
final remarks,1
a formal ontology for describing interactive,1
behaviors and supporting automated,1
testing on user interfaces,1
computational ontologies and related works,1
object properties,1
relations,1
data properties,1
platform concepts,1
ui elements concepts,1
state machine concepts,1
scenario-based concepts,1
heckbox and radio button behaviors,1
transition,1
ui elements,1
ommon behaviors,1
data generation behaviors,1
data provider behaviors,1
debug behaviors,1
dialog behaviors,1
mouse control behaviors,1
table behaviors,1
consistency checking,1
validation by a case study,1
mapping ontological concepts,1
future works,1
a framework to diminish the gap between the,1
business specialist and the software designer,1
domain model,1
a. mind map modeling,1
b. model and ubiquitous language,1
mind maps forextracting a domain,1
addison-wesley,1
published: 08 april 2019,1
university of münster,1
temis ag,1
bonn,1
münster,1
material - behavior-driven gui,1
alendar web application screen,1
std. error,1
nominator,1
denominator,1
test cases as requirements,1
(125-150 in 2009),1
(20-30 pages html),1
"1:s, c6:s, c7:s",1
"b1:j, b2:s, b3:s",1
a2:s,1
"9:s, c10:s, c11:j, c12:s, c14:s",1
a1:j,1
"3:j, c8:s",1
a3:s,1
"2:j, c5:s, c15:j",1
case companies,1
company a,1
company b,1
first iteration: initial exploration,1
software architects,1
company c,1
data selection,1
to 15 project members.,1
definition and planning,1
data selection/collection,1
reporting,1
results: applications of tcr in practice,1
elicitation and validation: company a,1
verification: company a,1
verification: company b,1
elicitation and validation: company b,1
customer agreement: company b,1
elicitation and validation: company c,1
verification: company c,1
verification: company c api development,1
customer agreement: company c,1
elicitation and validation,1
verification,1
erification,1
tracing,1
managing changes,1
ustomer agreement/contractual,1
documentation of customer agreement,1
for product,1
for api,1
for customer,1
reliability,1
(2000) 70-79.,1
total downloads: 1482,1
published: 23 april 2018,1
development: gherkin2oas,1
"macedonia, greece",1
"entral macedonia, greece",1
aristotle university of thessaloniki,1
gherkin2oas,1
anastasios dimanidis,1
kyriakos c. chatzidimitriou,1
andreas l. symeonidis,1
thessaloniki,1
isting 1: gherkin: given..when..then,1
isting 2: gherkin: and but,1
isting 3: gherkin: data tables,1
e l v i s,1
nlp-gherkin limitations,1
gherkin-based documentation,1
gherkin to openapi mapping,1
"erbs, parameters and models",1
resources,1
3 : 0 5,1
2 : 0 5,1
given..when..then,1
isting 7: gherkin based documentation: models,1
responses,1
and status code,1
isting 11: gherkin based documentation: roles,1
am logged,1
and links to other resources,1
"roles, resource hierarchies and comments",1
8 . 2,1
2 : 3 2,1
chy,1
figure 1: gherkin2oas: resource graph,1
figure 2: gherkin2oas: state graph,1
(03 2014).,1
a requirement-based regression test selection,1
technique in behavior-driven development,1
st jincheng xu,1
nd qingfeng du,1
rd xiaojun li,1
definitions and assumptions,1
a. regression test selection,1
a. definitions of rts in bdd,1
b. assumptions,1
b. behavior driven development,1
d. select unit,1
a. write scenarios,1
b. compute similarity,1
select acceptance,1
select acceptance test cases,1
d. select unit test cases,1
"n. laranjeiro, eds.",1
domain driven design,1
eloisa cristina silva santos,1
delano medeiros beder,1
rosângela a. dellosso penteado,1
a. domain-driven design,1
d. test-driven development,1
e. behaviour-driven development,1
tdd,1
f. comparison between tdd and bdd,1
arlos solís,1
iaofeng wang,1
keywords-behaviour,1
b. iterative decomposition process,1
f. behaviour driven at different phases,1
xbehave family,1
xspec family,1
support of the bdd characteristics,1
nbehave,1
rspec,1
mspec,1
storyq,1
damla güncan1,1
pınar onay durdu2,1
j softw evol proc. 2020;e2274.,1
of 26,1
se and software development models,1
"hci, usability, and ucd",1
name,1
ntegration of se and hci,1
data-gathering tools,1
participants and organizations,1
roles,1
participant code,1
organizational domain,1
project type,1
participants of model validation step,1
experience with ux,1
experience with agile processes,1
experience withtdd/bdd,1
requirements analysis category,1
code (ra_cc),1
ategory definition,1
reliability and validity of the study,1
model validation category code,1
(mv_cc),1
category code (ra_cc),1
model,1
mplementation of usability evaluations,1
analysis category,1
model validation,1
category code,1
ucb software development model,1
teration 0,1
teration 1 − n,1
analysis and design phase,1
withdraw money,1
mplementation phase,1
evaluation phase,1
ucb and iterations,1
ustomers and users,1
analysis team,1
test team,1
ux specialist,1
software developers,1
conference; 2008:63-72.,1
theme section paper,1
tom mens1,1
b tom mens,1
t. mens et al.,1
dbc,1
tdd and bdd,1
run-time verification,1
design phase,1
fig. 2 spem 2.0 work product,1
fig. 3 spem activity diagram,1
testing phase,1
fig. 5 spem activity diagrams,1
tooling,1
fig. 6 architectural overview,1
statechart interpreter,1
importing and exporting statechart models,1
aseme.tuc.gr.,1
plantuml.com.,1
fig. 7 code fragment of a,1
import,1
print ( ' active,1
print ( ' timer,1
print ( ' power,1
run-time monitoring of statecharts,1
using the api to execute statecharts,1
fig. 8 sismic's macrostep,1
support for unit testing and bdd scenarios,1
fig. 9 component diagram for,1
running example: statechart design phase,1
analysis phase work products,1
component diagram,1
ui mock-up,1
fig. 12 two property,1
define properties,1
define statechart,1
fig. 13 property statechart,1
define unit tests,1
enrich statechart with contracts,1
fig. 15 example of python unit,1
def,1
from behave import given,1
define scenarios and implement scenario steps,1
"send event door_opened"".todoso,sismic'sapi",1
running example: statechart testing,1
monitor contracts,1
fig. 17 use case diagram,1
monitor properties,1
run unit tests,1
run scenarios,1
manually test through ui,1
fig. 20 example output,1
fig. 21 result of running the,1
entry: timer = 0,1
fig. 22 statechart of a,1
timer_reset / timer = 0,1
entry / send('heating_on'),1
fig. 24 participant familiarity,1
don't know what this is,1
use it occasionally,1
use it regularly,1
evaluation of bdd,1
fig. 25 understandability (left),1
fig. 26 confidence in the,1
fig. 27 participant familiarity,1
evaluation of property statecharts,1
evaluation of dbc for statechart monitoring,1
fig. 28 usefulness of statechart,1
fig. 29 understandability (left),1
fig. 30 usefulness of property,1
fig. 31 readability of a visual,1
fig. 32 ease of designing a,1
threats,1
related tools,1
smart contracts,1
unit testing of statechart models,1
bdd for statechart modelling,1
automatic generation of tests and contracts,1
dbc for statechart modelling,1
formal verification and run-time verification,1
fig. 33 example of statecharts,1
a statechart representing the,1
behaviour of agent a. b,1
(a),1
(b),1
"program. 69(1-3), 27-34 (2007)",1
tom mens obtained a ph.d. in,1
"eee comput. 30(7), 31-42 (1997)",1
(2015),1
"eng. 40(5), 427-449 (2014)",1
alexandre decan conducted his,1
nikolaos i. spanoudakis holds a,1
"joão sarraipa**, ricardo jardim-goncalves*",1
given some initial context,1
when an event occurs,1
then ensure some outcomes,1
requirements engineering in the v-model,1
as a [x],1
want [y],1
so that [z],1
preparation stage for manufacturing,1
going beyond traditional requirements,1
requirements management methodology,1
bdd based requirements management,1
requirements classifiers hierarchy,1
synchronization,1
module,1
wiki front-,1
wiki db,1
knowledge base,1
reasoning and decision-,1
making,1
requirements elicitation and analysis,1
wiki front-end,1
implementation of the requirements,1
synchronization module,1
osmose technical architecture - enables to,1
foreach s in ܵ,1
reasoning and decision-making,1
execution and validation of results,1
user requirements,1
technical requirements,1
riteria,1
technical,1
event persistence in the context manager,1
given relevant events in the past,1
foreach r in  ܴ,1
foreach p in ܱܲ,1
foreach re in ሺ ܴ,1
f re(score) >=,1
then r(common).add(re),1
19th international conference on control,1
the journal of systems & software,1
systems✩,1
as a user,1
want to login,1
so that i can view products,1
when authentication is successful,1
then user logs-in to the system,1
given user authenticates with correct cre-,1
when user logs-in to the system,1
then user can view the products,1
definition of behavior driven development,1
large-scale software testing,1
large-scale software development,1
bdd studies,1
research approach,1
step 4: conducting lab validation,1
survey questionnaire,1
practitioners interviews,1
"• theme: ""improved quality of requirements""",1
step 6: dynamic validation,1
improved quality of requirements (b2),1
help for test organization (b5),1
versioning control of behaviors (c6),1
a product manager communicates description,1
a bdd feature file containing the,1
a test case execution report.,1
a in product y,1
reply,1
replies,1
characteristics of the proposed process,1
ontrolled,1
architectural,1
table 12,1
adaptation constraints for organizations,1
comparison with similar approaches,1
"(6), 3270-3288.",1
e. bjarnason et al.,1
total citations: 6,1
total downloads: 457,1
published: 20 september 2017,1
federal university of amazonas,1
published: 17 september 2018,1
university of brasilia,1
a survey approach,1
uis henrique vieira amaral,1
omputer science department - unb,1
henrique medrado de faria,1
rafael fazzolino,1
"brasília, df",1
rodrigo bonifácio,1
genaína nunes rodrigues,1
edna dias canedo,1
referencial teórico,1
test driven development (tdd),1
sistema de boletim (sisbol),1
estudo de caso,1
sistema de dotação de material (sisdot),1
estratégia de testes,1
uso da abordagem desenvolvimento,1
guiado por comportamento,1
ferramenta,1
watching,1
inguagem java,1
equipes envolvidas,1
dados de desenvolvimento,1
perspectiva das equipes,1
discussão dos resultados,1
onclusões,1
assisted behavior driven development,1
using natural language processing,1
cyber-physical systems,1
augmented system verification,1
using automated testing,1
system verification process,1
a. schur and m. williams,1
automated testing to support acceptance,1
automated testing framework development based,1
andrei contan,1
department of automation,1
atalin dehelean,1
department of specialized foreign languages,1
"""babes-bolyai"" university",1
technical university,1
"luj-napoca, romania",1
iviu miclea,1
speaking),1
what needs to be delivered,1
language,1
must,1
be,1
precise,1
complete delivery means,1
-1-5090-6073-3/17/$31.00 ©2017 european union,1
introduction to bdd,1
the analysis and research approach,1
given <defining an initial context>,1
when <executing certain actions or steps>,1
describing functionality as scenarios and,1
then <defining the expected results>,1
scenario 1: [title of scenario],1
given: [context],1
and: [extra and optional details,1
when: [action taken],1
then: [expected result],1
and: [more details on the result],1
other studies in the field of bdd,1
a. needs addressed during implementation,1
feature: create story via api,1
scenario: create story test,1
"given i send ""valid"" ""post"" call for ""login""",1
"then the response status code is ""200""",1
when i create a new story,1
b. needs addressed during implementation,1
response response =,1
throwable {,1
string expectedstatuscode =,1
principles,1
future studies,1
descriptions of software behavior,1
for writing semi-structured scenario descrip-,1
scenario: check stock threshold,1
then the alert status is off,1
then the alert status is on,1
a new approach,1
the design of kirby,1
probabilistic matcher,1
nlp augmentation engine,1
ode information extractor,1
ode generator,1
examples in action,1
public void testcheckstockthreshold(),1
scenario: multiple toggle outcome,1
"given a game called gameoflife, with",1
then the string representation of the,1
"""_ _ _ _ x",1
_ _ _ _ _,1
"_ _ _ x _""",1
public void testmultipletoggleoutcome(),1
scenario: request contains string,1
given a url with value,1
and we send a request,1
"then the response contains ""google""",1
algorithm,1
lause type,1
public void testrequestcontainsstring(),1
omprehensive,1
dictionary,1
s (s.d. 3.78),1
s (s.d. 3.73),1
smaller,1
s (s.d. 3.98),1
s (s.d. 3.61),1
s (s.d. 0.27),1
s (s.d. 0.28),1
s (s.d. 0.45),1
s (s.d. 0.46),1
maryam imtiaz malik,1
muddassar azam sindhu,1
akmal saeed khattak,1
rabeeh ayaz abbasi,1
khalid saleem,1
of 22,1
oracle,1
test case generation from requirements,1
renalart,1
split,1
rq2: automatic test data generation,1
rq3: automatic expected output extraction,1
stop word removal,1
rq4: test verdict assignment,1
osine distance,1
edit distance,1
obsi = exp j,1
otherwise,1
hamming distance,1
manhattan distance,1
artesian distance,1
final test verdict,1
olx pakistan,1
m+,1
k+,1
mental health tests,1
mcdelivery pakistan,1
bluestacks,1
power searching with google,1
tensorflow playground,1
w3schools 2018 offline,1
touch'd case study,1
result analysis and discussion,1
test efficiency,1
"j. carter, w.b. gardner",1
b. b-method,1
related work integrating formal and agile,1
introducing bhive,1
a. bowling case study,1
b. development flow,1
"d. makalsky,",1
r. f.,1
"k. beck,",1
"m. beedle,",1
a. van,1
"a. cockburn,",1
"w. cunningham,",1
"m. fowler,",1
"j. grenning,",1
"j. highsmith,",1
"d. north,",1
a. r.,1
bhive: behavior-driven development,1
meets b-method,1
ntroducing bhive,1
bhive's approaches to verification,1
bhive's development flow,1
requirements gathering.,1
requirements modeling for systems of systems,1
"arsten wiechera, joel greenyerb",1
the besos tool,1
clarify,1
sos,1
feature,1
sos scenario specification,1
s scenario specification,1
sos scenario program,1
s scenario program,1
test executer,1
advertisement sos,1
closing,1
beast methodology,1
driven development,1
a. iglesias,1
m. garijo,1
fig. 1 beast testing,1
system behaviour specification,1
mas behaviour specification,1
fig. 3 scenario template (north 2007),1
agent level testing,1
fig. 4 beast mock agents,1
fig. 5 outcomes of beast phases,1
providing traceability,1
story parser,1
beast tool,1
beast test case model,1
fig. 6 example of traceability,1
mas platform interface,1
fig. 8 beast test case class,1
are completely integrated.,1
case study: mas for fault diagnosis on ftth,1
mock definition,1
table 1 example of user story,1
fig. 9 beast test case,1
table 2 examples of agent stories,1
fig. 10 architecture of an,1
fig. 12 steps of the,1
table 3 implementation of the,1
(a) jadex evaluation,1
(b) jade evaluation,1
(pp. 108-117). springer.,1
behaviour driven development test suites,1
ruxandra bob,1
tim storer,1
feature: balance management,1
behaviour-driven development and gherkin,1
"from behave import given, when, then",1
from banking import bankaccount,1
design of behave_nicely,1
b. evaluation using mutation testing,1
a. open source project data set,1
context.location_param = none if \,1
location == 'no parameters' else location,1
project_folder = context.location_param or \,1
a. white box projects,1
b. black box projects,1
d -i -n -k -y,1
ategory,1
ount,1
behavior driven development approach in the,1
modern quality control process,1
"kharkiv, ukraine",1
maximum efficiency without,1
"proper usage, but the",1
test driven,1
scenario; feature; keyword; step,1
description of the bdd approach,1
ieee international conference on,1
pic s&t'2020,1
best practices of the bdd usage,1
bdd approach in modern testing,1
"october 6-9, 2020",1
b. actions limitation,1
experience-based practices of the bdd usage,1
the point of view,1
d. steps number limit,1
e. generic steps,1
a. scenario name pattern,1
"f. ""given"" steps usage",1
"g. ""and"" steps tabulation",1
behavior driven development for,1
ircuit design and verification,1
daniel große1,1
class calculator,1
"def add(a, b)",1
given /^a calculator$/ do,1
def result,1
proposed flow,1
scenario outline: adding,1
a. bdd for circuit design,1
"of (\d+) and (\d+)$/ do |a,b|",1
initial begin,1
endmodule,1
b. generalization of test code,1
given module alu,1
given testbench alu_test,1
after one cycle$/ do |result|,1
property adding =,1
always ( op == 0 ),1
b. generalizing properties from test code,1
a. customizing bdd for hdls,1
given the digit <a>,1
when the circuit is reset,1
and i wait 1 cycle,1
vunit typed(digit_reader) {,1
property type_first_digit = always (,1
then the resulting number is <a>,1
property env_assume_0 = always (,1
when /^the circuit is reset$/ do,1
(\d+)$/ do |digit|,1
(\d+)$/ do |num|,1
given module memory,1
given testbench test_memory,1
change a price$/ do,1
"is given$/ do |arg1, arg2|",1
illustrative example,1
by a customer$/ do,1
 module memory(,1
output reg[7:0] price_out,1
if (!reset),1
if ((product >= service),1
if (set) begin,1
end else,1
else begin,1
 endmodule,1
and 200$/ do |arg1|,1
 vunit service_mode(memory) {,1
property get_price = always (,1
rakesh kumar lenka,1
srikant kumar,1
sunakshi mamgain,1
applies,1
development (tdd) which is an approach,1
to software,1
customer satisfaction is not achieved.,1
test driven development (tdd) [2],1
extreme programming (xp),1
disadvantages,1
advantages,1
testing before delivery is shortened.,1
when to test,1
what to test,1
does code delivered business value.,1
application rights,1
ui available,1
oncordoin,1
fitnesse,1
(2017).,1
alma software lifecycle,1
telescope calibration software,1
the delay measurements,1
the solving of antenna position,1
subsystem /,1
b l-co r r,1
subsystem j-,1
/,1
"err :(0.19 ,",1
"err :(0.18 ,",1
"err :(0.20 ,",1
behavior driven testing,1
concepts of behavior driven development,1
feature tests definition,1
bdd applied to testing,1
a simple telcal feature test,1
from jira requirement to telcal feature test,1
server.,1
a new task,1
feature tests categorization,1
automated testing environment,1
total citations: 14,1
total downloads: 584,1
industrial study,1
"rs, brazil",1
federal university of pará,1
universidade aberta,1
reports from an industrial study,1
auriane pereira,1
pontifícia universidade católica do,1
helen sharp,1
open university,1
leidson de souza,1
universidade federal do pará,1
rio grande do sul,1
united kingdon,1
ricardo bastos,1
bdd in a nutshell,1
correa et al.,1
benefits of using bdd,1
mproved communication,1
iving documentation,1
mproved collaboration,1
hallenges of using bdd,1
behavior-driven development as an approach to,1
two case studies,1
andr´e scandaroli,1
rodrigo leite,1
al´exis h. kiosia,1
sandro a. coelho,1
team structure and agile process,1
a. project a,1
b. project b,1
bdd adoption,1
project a,1
project b,1
(local) 1 (remote),1
(local) 4 (remote),1
(remote),1
(local),1
id: an identifier number.,1
collected benefits,1
trade-offs and improvement,1
total citations: 10,1
total downloads: 373,1
published: 27 june 2020,1
development teams,1
agile development teams,1
hallenge based learning (cbl),1
table 1: interview questions,1
ase study protocol,1
project requirements,1
occurrences,1
feature development,1
mplementation qualtiy,1
overall qualtiy,1
pre-bdd,1
post-bdd,1
difference,1
table 5: bug category for projects,1
bdd impact,1
table 10: positive aspects of bdd,1
table 11: negative aspects of bdd,1
rq2 - what are the negative impacts of,1
developing software using bdd?,1
rq1 - what are the positive impacts of,1
total downloads: 211,1
published: 21 october 2020,1
and challenges,1
benefits and challenges,1
protocol,1
table 1: questionnaire,1
bdd - experience,1
bdd - perception of benefits,1
figure 1: the overall research process,1
data collection & analysis,1
demography,1
bdd - perception of challenges,1
what are the positive aspects reported by,1
experts regarding teaching bdd? (rq1),1
what are the negative aspects reported by,1
experts regarding teaching bdd? (rq2),1
total citations: 17,1
total downloads: 301,1
published: 04 april 2019,1
and experiences,1
ncenzo ferme,1
university of italian switzerland,1
novatec consulting gmbh,1
behavior-driven load testing using contextual,1
knowledge - approach and experiences,1
"dušan okanović, andré van hoorn",1
henning schulz,1
"novatec consulting gmbh, karlsruhe, germany",1
"university of stuttgart, germany",1
incenzo ferme,1
esare pautasso,1
"software institute, usi lugano, switzerland",1
workload determination,1
overview of the approach,1
next,1
run,1
each,1
experiment for,1
after,1
the number of users,1
collect,1
set to,1
ensure,1
break if,1
varying,1
in steps of,1
among,1
happened,1
happens,1
behavior-driven load test language,1
bdlt,1
benchflow,1
transformation to declarative load tests,1
ndustrial case study,1
nput data,1
lacl.,1
157-167.,1
behavior-driven requirements traceability via,1
automated acceptance tests,1
didar zowghi,1
a. user stories,1
b. requirements traceability,1
behavior-driven traceability,1
executes,1
elaborated in,1
feature: contact form,1
generates,1
reports stories,1
reports trace,1
: scenario: submit contact form,1
and i submit the form,1
then the organizer receives a message,1
file,1
lass:method,1
us#,1
bdd scenario,1
bdd test step,1
discussion and outlook,1
behavior-driven development for real-time,1
embedded systems,1
to,1
background on bdd,1
feature: calculator,1
scenario: add two numbers,1
then the result should be 9,1
seconds ''],1
go to step 3.,1
finish.,1
timing concepts,1
a. concepts,1
b. syntax,1
given s0,1
when e0 [at t0],1
"then s1 within [ts, tc]",1
seconds.,1
public void sid_then_state_s1_within(),1
code generation,1
and t′′,1
and t′′′,1
with respect to the,1
or t′′′,1
has the drawback that the,1
).,1
and a. this,1
and a.,1
prototype implementation,1
behavior-driven development (bdd) cucumber,1
and swag labs,1
gui,1
d. semi automation information extraction,1
a. related research,1
response,1
times,1
e. cucumber,1
b. automation testing,1
process flow bdd,1
cucumber deployment,1
d. create test suite,1
e. analysis test result,1
f. analysis response times,1
a. create user stories,1
result and discussion,1
no,1
descriptions,1
uac,1
b. usecase diagram,1
want to login to,1
i click button login,1
i back to screen,1
want to make an,1
want to see,1
want to logout,1
"click ""add to cart""",1
go to cart page,1
"click ""checkout""",1
fill checkout,1
verify checkout,1
e. results responses times,1
d. test case result,1
university of southern denmark,1
final published version,1
/09_confws18_paper_21.pdf,1
agile and scrum,1
requirement artifacts in traditional pcs,1
projects: the product variant master,1
figure 1. behavior driven development flow,1
figure2.product variantmaster (toycarexample),1
ase 1,1
ase 2,1
ase 3,1
outlook,1
-45 (aug. 2018),1
nvited paper,1
"ulrich k¨uhne2,a)",1
"mathias soeken3,b)",1
"daniel grosse1,4,c)",1
"rolf drechsler1,4,d)",1
property specification language,1
model checking,1
fig. 1,1
behaviour driven development for hard-,1
ware design,1
testing hardware designs with bdd,1
testbench specification and timing,1
fig. 2,1
fig. 3,1
fig. 4,1
textual implication properties,1
textual invariant properties,1
property: invariant,1
assembling the property,1
fig. 5,1
fig. 6,1
testcase generalisation,1
fig. 7,1
imitations of property generalisation,1
generation of debug and witness scenarios,1
from properties,1
fig. 8,1
fig. 9,1
reating a trace property (s2),1
pre-process scenario steps (s1),1
fig. 10,1
generating check steps,1
reating a new scenario (s3),1
fig. 11,1
find good generated scenarios (s4),1
fig. 12,1
easing the usability of formal methods,1
generalising properties from tests,1
specifying properties,1
formal methods in agile development,1
fig. 13,1
finding good test cases,1
generating scenarios from properties,1
test cases from properties,1
(2003).,1
"y. and veith,",1
"g. (eds.), pp.97-107, acm (2004).",1
mathias soeken,1
melanie diepenbeck,1
daniel große,1
ulrich kühne received his dr.-ing. de-,1
rolf drechsler,1
behaviour driven development for tests,1
and verification,1
m. diepenbeck et al.,1
behaviour-driven development for,1
omputer-interpretable clinical guidelines,1
"dräger medical gmbh, lübeck, germany",1
behaviour-driven development,1
specication of clinical guidelines,1
"neumann, a., schmidt, h.: smartcare",1
behaviour-driven development of,1
foundational uml components,1
"oan laz˘ar1 ,2",1
"simona motogna1 ,3",1
"bazil pˆarv1 ,4",1
scenariostatus,1
teration,1
storystatus,1
erify story initialization,1
add new,1
stories to,1
a project,1
(a) verify story initialization,1
"given ""a project""",1
"when ""a new story is created""",1
"when ""both stories have estimates""",1
"when ""the story is estimated""",1
bdd profile,1
testcontext,1
testcase,1
scenario implementation using a bdd library,1
buml tool,1
a structuredactivitynode with name x.,1
onclusions and further work,1
behaviour-driven formal model,1
"thales austria gmbh, vienna, austria",1
"southwest jiaotong university, chengdu, china",1
snook et al.,1
background and technologies,1
behaviour-driven development with,1
gherkin/cucumber,1
fig. 1. a lift system,1
event-b,1
momut,1
iuml-b,1
behaviour-driven formal model development,1
behaviour,1
behaviour verification,1
scenario generator,1
table 1. comparison of scenario sets,1
scenario automation for event-b/iuml-b,1
automation: cucumber for event-b,1
ucumber for iuml-b,1
"transf. 12(6), 447-466 (2010)",1
"grams. commun. acm 18(8), 453-457 (1975)",1
behaviour-driven requirements engineering for,1
agile product line engineering,1
heba elshandidy,1
"airo, egypt",1
"deployment platform is cloud computing?""",1
a. domain analysis:,1
b. requirements reuse,1
maintenance and management,1
d. scalability,1
a. current contributions:,1
b. planned contributions:,1
a toolset that supports automating planning.,1
and behavior-driven development,1
system specifications,1
templates,1
act perform a settlement,1
acceptance criteria written in gherkin,1
approach overview,1
a. specify constraints,1
create specifications,1
b. specify intents,1
,1
"""	",1
		,1
	,1
,1
,1
"""",1
"!""%",1
,1
 ,1
,1
,1
 ,1
,1
,1
,1
,1
#$,1
		,1
	,1
"",1
"


	",1
,1
,1
"


",1
	,1
"	


",1
modeling example,1
	,1
,1
,1
,1
,1
,1
derive acceptance criteria,1
!,1
,1
!,1
,1
,1
"
",1
,1
	,1
,1
 ,1
,1
,1
,1
,1
,1
,1
,1
a. test model,1
,1
transformation rule,1
generated test,1
model node,1
b. generating test model(s) from ad,1
"%,/6*.#,",1
%&$&*5&,1
./3*'*$#3*/.3)&1,1
7*3,1
"%$3*5*38.*3*#,",1
"%	!#,*%#3&.2",1
"%
.73#3&",1
#13,1
".$,4%&",1
%,1
".7&33,&-&.3#3&",1
"!#,*%",1
#1323)&1,1
"%""%#82",1
#22&%.3&11403,1
"%
&.%",1
/3*'*$#3*/..043,1
%&$&*5&#.%,1
"%#1#,,&,3#13",1
%4.#3$)*.(,1
%&1(&,1
%&1(&,1
%	1/$&22,1
&1(&,1
%&.%,1
"%",1
".7&33,&-&.3#3&",1
"%&33,&",1
"&33,&-&.3",1
.2314$3*/..043,1
&.&1#3&,1
.2314$3*/.,1
411&.3#3&,1
generation of test paths,1
d. generation of acceptance criteria,1
a. object of the study,1
b. methods and results,1
iktoria stray,1
rashina hoda,1
maria paasivaara,1
philippe kruchten (eds.),1
nbip 383,1
st international conference,1
"on agile software development, xp 2020",1
• rashina hoda,1
• philippe kruchten (eds.),1
"openhagen, denmark, june 8-12, 2020",1
publication chair,1
agile adoption,1
using an activity theory perspective,1
pritam chita(b),1
p. chita et al.,1
activity theory based framework,1
defining an activity,1
activities in agile delivery,1
table 1. (continued),1
ongruences and collaborative activity,1
ontradictions,1
table 2. contradiction frequency,1
table 3. secondary contradictions analysis,1
ongruences and stabilizations,1
ollaborative activity,1
table 6. collaborative activity,1
"(2), p134-p153 (2004)",1
"ergonomics 43(7), 960-974 (2000)",1
", p441-p445 (2006)",1
"development. iceis 5, 221-232 (2004)",1
"requirements. inf. res. 13(2), 13-24 (2008)",1
onboarding: how newcomers integrate,1
into an agile project team,1
peggy gregory1(b),1
"independent researcher, glasgow, uk",1
p. gregory et al.,1
bauer's onboarding framework,1
table 1. profile of interviewees,1
team lead; scrum master,1
assistant project manager,1
yr as a student then,1
software developer 1,1
software developer 2,1
years prior development,1
software developer 3,1
apprentice developer,1
student developer,1
software developer,1
yrs at the university in,1
conversation specialist,1
onboarding practices,1
recruiting process,1
orientation,1
support tools and processes,1
oaching and support,1
training,1
feedback tools,1
table 2. summary of findings,1
"softw. 94, 87-97 (2014)",1
"eee softw. 31, 54-61 (2014)",1
ombining user-centered design,1
and lean startup with agile software,1
development: a case study of two,1
agile teams,1
development · transformation · case study,1
signoretti et al.,1
ase setting,1
table 1. participants' profile,1
fig. 1. code analysis example,1
product developing under a new perspective,1
atlasti.com.,1
methodological aspects,1
"onclusion, limitations, and future work",1
21,1
agile software development practices,1
and success in outsourced projects: the,1
moderating role of requirements risk,1
oliver krancher(b),1
theory background,1
software development as knowledge integration,1
o. krancher,1
ontinuous integration,1
ontinuous analysis,1
joint decision making,1
table 1. sample characteristics,1
table 2. survey items,1
table 2. (continued),1
table 3. regression results,1
−.24† (.14),1
−.29* (.13),1
.72† (.37),1
.83* (.36),1
.23† (.13),1
.23† (.12),1
−.31* (.12),1
−.31** (.11),1
.24† (.13),1
.20† (.11),1
.31* (.13),1
.27* (.12),1
"** (9, 50)",1
"*** (12, 47)",1
"(12, 47)***",1
fig. 1. interaction plots,1
strengths and limitations,1
"softw. 123, 176-189 (2017)",1
"res. 30, 1145-1163 (2019)",1
", 915-929 (2015)",1
", 51-58 (2004)",1
"sociol. 87, 548-577 (1981)",1
"softw. 25, 60-67 (2008)",1
"omputer 34, 120-127 (2001)",1
"psychol. 88, 879-903 (2003)",1
", 293-334 (2011)",1
", 30-38 (2019)",1
on the use of design thinking: a survey,1
of the brazilian agile software,1
development community,1
m. prestes et al.,1
earlier studies on agile and design thinking,1
research setting,1
"planning, design and prior validation",1
table 1. questionnaire structure,1
the respondents' profiles,1
table 2. years of experience,1
100%,1
"(14,17) analist",1
"(3,94)",1
"(13,39) engineer",1
"(12,60) developer",1
"(9,45)",1
"(0,79)",1
"(7,87)",1
"(23,62)",1
"(6,30)",1
"dt models, techniques, and tools",1
table 5. 10 most chosen techniques,1
"(88,15)",1
"(87,41)",1
"(71,85)",1
"(69,63)",1
"(64,44)",1
"(62,22)",1
"(61,48)",1
"(60,00)",1
table 6. reasons for choosing techniques,1
tools,1
table 8. purposes to use dt,1
oncluding remarks and perspectives,1
ieee (2018),1
haracterising the quality of behaviour,1
driven development specifications,1
p. binamungu et al.,1
bdd suite quality principles,1
aspects of quality in bdd specifications,1
quality aspect,1
principle of conservation of steps,1
survey design,1
respondents and their demographics,1
survey data analysis,1
survey results,1
frequency,1
sample excerpts,1
"psychol. 3(2), 77-101 (2006)",1
higher educ. 9(3) (2017),1
10,1
"""i don't understand!"": toward a model",1
to evaluate the role of user story quality,1
"university of bamberg, bamberg, germany",1
d. hallmann,1
research model,1
fig. 1. research model,1
preliminary evaluation and conclusions,1
−0.103,1
−0.341,1
−0.106,1
12.345,1
arge-scale agile,1
arge-scale agile transformation: a case,1
"study of transforming business, development",1
and operations,1
nils brede moe(b) and marius mikalsen,1
n. b. moe and m. mikalsen,1
research design and method,1
table 2. data sources,1
workshops where conducted with,1
"testing, implementing and new improvement",1
table 3. (continued),1
imitation and future research,1
"(2), 194-204 (2010)",1
"quant. 43(6), 875-894 (2009)",1
mproving risk management in a scaled agile,1
eva-maria schön1(b),1
study context and research setting,1
ontext of cross-team project,1
ontext of the continuous product,1
"clear, coordinated",1
escalation instance for risks is,1
transparency with regard to,1
information flow at the project,1
tooling for risk management,1
project setup and management,1
discussion and limitations,1
the business of agile,1
teams,1
"sintef ict, trondheim, norway",1
d. šmite et al.,1
agile adoption in asian countries,1
empirical background,1
fig. 1. devops team structure,1
imitations and threats to validity,1
behavior impeding agile ways of working,1
behavior in five distributed teams,1
behavior in different situations,1
team 1 (n=7),1
team 2 (n=6),1
team 3 (n=10),1
team 4 (n=7),1
team 5 (n=6),1
"development. ieee softw. 18(2), 22-29 (2001)",1
"softw. eng. 15(2), 204-217 (2010)",1
"care. 4(3), 324-327 (2015)",1
"conference, pp. 333-338 (2008)",1
a quantitative exploration,1
of the 9-factor theory: distribution,1
of leadership roles between scrum,1
master and agile team,1
"robert bosch gmbh, stuttgart, germany",1
s. v. spiegler et al.,1
team maturity,1
the changing scrum master role,1
ompany context and participants,1
measurement,1
table 1. maturity,1
scrum master,1
4.15,1
70.15% 60 3.19,1
11.67%,1
4.18,1
73.13% 65 3.83,1
49.23%,1
4.09,1
69.69% 64 3.58,1
26.56%,1
3.95,1
60.66% 56 3.56,1
28.57%,1
3.73,1
43.75% 62 3.72,1
38.71%,1
4.07,1
73.13% 62 3.72,1
35.48%,1
3.70,1
46.15% 62 3.44,1
33.87%,1
3.62,1
34.92% 58 3.58,1
34.48%,1
51.61% 53 3.10,1
18.86%,1
agile team,1
and agile team,1
practical implications,1
"puter 34(11), 131-133 (2001)",1
"j. appl. psychol. 84(3), 376 (1999)",1
(1965),1
what an agile leader does: the group,1
dynamics perspective,1
"university of gothenburg, gothenburg, sweden",1
"volvo cars, gothenburg, sweden",1
gren and m. lindman,1
leader?,1
reflexivity,1
team design,1
ulture and mindset,1
"organ. manag. 2(4), 419-427 (1977)",1
"(5), 687-702 (2010)",1
"organ. dyn. 26(1), 49-61 (1997)",1
"eee softw. 17(4), 26-32 (2000)",1
"""this is just a prototype"": how ethics are",1
gnored in software startup-like environments,1
ille vakkuri(b),1
vakkuri et al.,1
related work: the current state of ai ethics,1
fig. 1. research framework,1
table 1. descriptions of each case,1
transparency,1
accountability,1
summary of findings,1
"eee secur. priv. 17(5), 74-77 (2019)",1
"process. syst. 2, 2503-2511 (2015)",1
"technol. 20(1), 1-3 (2018)",1
"(1), 407-438 (2002)",1
"j. nurs. stud. 41(2), 141-150 (2004)",1
hypotheses elicitation in early-stage,1
software startups based on cognitive,1
j. melegati and x. wang,1
first-phase results,1
second-phase results,1
"educ. psychol. 70, 113-136 (2000)",1
"(1), 169-189 (2017)",1
"j. econ. perspect. 28(3), 25-48 (2014)",1
agile and testing,1
results from a replicated experiment,1
on the affective reactions of novice,1
developers when applying test-driven,1
"university of bari, bari, italy",1
"university of basilicata, potenza, italy",1
s. romano et al.,1
baseline experiment,1
participants and artifacts,1
ariables and hypotheses,1
design and execution,1
data analysis and results,1
(large),1
(medium),1
* 2 factorial,1
participants assigned to tdd,1
replicated experiment,1
"(3), 201-214 (2000)",1
"eee software 35(4), 81-85 (2018)",1
"res. personal. 11(3), 273-294 (1977)",1
examining the current state of system,1
testing methodologies in quality,1
assurance,1
testing · smoke testing,1
r. sophocleous and g. m. kapitsaki,1
demographics,1
rq1. test cases and defects categorization,1
rq2. testing techniques and relevant factors,1
production,1
ndustrial use case,1
263.81 90.385,1
sciencedirect,1
"(iccsci), 12-13 september 2019",1
"da bagus kerthyayana manuabaa,*",1
vixio backend system,1
test-driven development,1
test behavior driven development (t-bdd),1
testing implementation and results,1
sm,1
"fang-yie leu, william cheng-chung chu",1
sen-tarng lai,1
understand,1
makes,1
(interactive,1
ncremental,1
development),1
olumes,1
major,1
of bdd,1
mqm: communication quality measurement,1
quality indicator of sfr item,1
aqm: assurance quality measurement,1
hqm: change quality measurement,1
(retrieved 10 may 2012),1
total downloads: 197,1
published: 27 may 2018,1
in agile development,1
"yang wang, stefan wagner",1
stpa-integrated bdd for safety,1
analysis and verification (stpa-bdd),1
figure 1: stpa-bdd concept,1
(a) test scenario example,1
(b) test case example,1
figure 2: bdd safety verification example,1
baseband for satellite ground operations,1
moses b. mwakyanjala1,1
ristóbal nieto-peroy1,1
"m. reza emami1,2",1
jaap van de beek3,1
"92, sweden.",1
figure 1,1
system architecture and channel modelling,1
figure 2,1
telemetry link architecture,1
bit synchronization,1
figure 3,1
figure 4,1
telemetry link channel model,1
figure 5,1
db pass-band ripple,1
figure 6,1
figure 7,1
to 100 ms/s,1
mpairments,1
satellite transponder,1
orbital dynamics,1
tt&c station,1
sdr frontend,1
alues,1
telecommand link architecture,1
the ccsds fec and frame generation,1
figure 8,1
figure 9,1
figure 10,1
figure 11,1
bit modulation,1
behaviour-driven development methodology,1
figure 12,1
figure 13,1
figure 14,1
system development and verification,1
figure 15,1
the effects of awgn,1
the effects of carrier frequency offset,1
the effects of timing offsets,1
figure 16,1
figure 17,1
a gnu radio plot,1
figure 18,1
figure 19,1
figure 20,1
the effects of sspa nonlinear distortions,1
the effects of omux group delay distortion,1
the effects of i/q-imbalance,1
the effect of all channel impairments,1
onvolutional code,1
figure 21,1
figure 22,1
figure 23,1
figure 24,1
figure 25,1
figure 26,1
reed-solomon code,1
puncture matrix,1
ode rate,1
gnu radio puncture pattern,1
gnu radio puncture size,1
m =,1
= 0xd,1
= 0x36,1
0,1
10 1,1
= 0x366,1
01 0,1
00 10 1,1
= 0x3566,1
11 01 0,1
figure 27,1
figure 28,1
figure 29,1
figure 30,1
figure 31,1
"= 8920 bits, corresponding to",1
figure 32,1
erification of end-to-end telemetry link,1
figure 33,1
m. reza emami,1
0.,1
"want ⟨a feature⟩"".",1
acceptance criteria,1
a. behavior-driven development,1
our approach for consistency reflection,1
b. ubiquitous language,1
account,1
teller,1
a. testing process,1
ashslot,1
user story: account holder withdraws cash,1
class account,1
def deposit(amount),1
def withdraw(amount),1
feature: cash withdrawal,1
b. consistency reflection,1
when i withdraw $20,1
then $20 should be dispensed,1
feature: cash withdrawal (revised),1
example: change in specification and design,1
class teller,1
"def withdraw_from(account, amount)",1
def balance,1
module testenvironment,1
class cashslot,1
def contents,1
def dispense(amount),1
credit(a,1
my_account.credit(amount),1
credit,1
debit,1
.debit(amo,1
debit(amo,1
account.debit(amount),1
def credit(amount),1
def debit(amount),1
"p. larsen, eds.",1
an electronic health records system,1
"huanmei wu∗, brandon haakenson†, xukai zou†",1
ndex,1
terms-behavior,1
ommon,1
parameter value,1
parameter,1
a. test-case for authenticity,1
b. test case for session management,1
d. test-case for authorization,1
pass,1
return text,1
"base_score1 = round(base_score, 2)",1
"base_score2 = round(base_score1, 1)",1
print(base_score2),1
return base_score2,1
conclusion & future work,1
penta∗,1
background notions and related work,1
studies on behavior-driven development,1
studies on acceptance testing,1
context selection and analysis methodology,1
median,1
avg,1
max,1
",662",1
",748",1
",844",1
java,1
javascript ✗,1
python,1
php,1
ruby,1
overall,1
study results,1
javascript,1
implications,1
(2) (2009) 270-283.,1
development specifications,1
the duplicate detection problem in bdd,1
"tion, dynamic tracing",1
existing duplication detection tools,1
nput: a bdd suite σ,1
precision,1
(%),1
system,1
known,1
dupli-,1
cates,1
detected,1
detection,1
andidates,1
duplicates,1
whole,1
output: duplication report,1
foreach scenario s in σ do,1
bdd duplicate detection,1
a. overall approach,1
b. algorithm and implementation,1
a. experiment design,1
known duplicates,1
andidates and distribution,1
system 1,1
system 2,1
system 3,1
njected,1
oo,1
ieee 25th international conference on.,1
distributed agile: component-based,1
user acceptance testing,1
pallavi pandit,1
dr. meena sharma,1
review of existing literature,1
a.    automated acceptance testing research,1
b.    similar work,1
existing tools,1
proposed methodology,1
"made no withdrawals recently,",1
digits long,1
suggested implementation,1
a. component interactions,1
b.    algorithms for each of the components,1
acceptance criteria*/,1
"acceptance criteria 1[1,2]",1
dependencies,1
dependency graph,1
traceability table,1
s. no.,1
decision table,1
binary dependency tree,1
on the decision table*/,1
dependencies (as shown in table 2),1
examples to illustrate the algorithms,1
possible paths of execution,1
story: account holder withdraws cash,1
acceptance criteria 2[26],1
dependency tree,1
result and analysis,1
|alice;hello|,1
s.no. test data,1
expected result,1
actual,1
1:11 pm,1
hapter 9,1
efficient and flexible test automation,1
in production systems engineering,1
d. winkler () · k. meixner,1
p. novak,1
d. winkler et al.,1
systematic development approach by example,1
background & related work,1
a. software development approaches,1
sign,1
b. symbiote,1
(symbiosis,1
ot,1
symbiote core,1
nterworking,1
nterface,1
ot platform a,1
ot platform b,1
nter-iot,1
(interoperability,1
d. introduction of the example,1
other iot interoperability frameworks,1
big iot,1
biotope,1
ecosystem,1
app of,1
ampus a,1
ampus b,1
symbiote,1
adapter,1
lient,1
analysis phase: feature description,1
design phase: modelling and integration of,1
a. model of campus a,1
b. model of campus b,1
implementation phase: current state,1
rule,1
enhancing the student learning experience by,1
demonstration,1
applica-,1
b. behavior-driven development (bdd),1
a. test-driven development (tdd),1
design of the course,1
group 1,1
group 2,1
group 3,1
group 4,1
group 5,1
p-value,1
during project development?,1
ensuring the consistency between user,1
a behavior-based automated approach,1
t. rocha silva et al.,1
enterprise ontology-driven development,1
j. matula and f. hunka,1
feature: [title],1
embedding transactions into bdd scenarios,1
feature: [title] - [transaction id],1
want to perform [coordination/production act],1
example case,1
perform the performa-informa-forma analysis.,1
perform the transaction pattern synthesis.,1
generate bdd test skeletons (optional).,1
feature: service offer - t01,1
as potential customer,1
want to call the company for an order,1
feature: electricity subscription - t06,1
as client,1
want to pay month payment for electricity,1
feature: payments management - t07,1
as front office,1
given device is registered in is,1
original article,1
background and related works,1
user stories and scenarios,1
a behavior‑based ontology for interactive,1
procedure,1
methodology,1
study design,1
interviews,1
title: flight tickets search,1
introduction to user stories,1
the exercise,1
the case study,1
table 2  participants' profile,1
month,1
results,1
participants' profile,1
as a guest,1
so that i can book tickets,1
scenario: searching demanded tickets,1
and i search,1
then several propositions,1
and i choose the desired flights,1
then ticket waiting for validation,1
user stories writing,1
scenario: multi-destination searching,1
"when i choose ""multi-destinations""",1
as a travel manager,1
want to check travel authorizations,1
scenario: listing travel authorizations,1
"when i type the ""booking reference""",1
as an intern,1
when i provide all the information,1
and i choose search by fares,1
adherence analyses,1
"and i choose ""the desired flights""",1
"given i go to ""simbab/travel""",1
title: booking flights for guests,1
findings supporting the research questions,1
table 3 (continued),1
ack of statement or keyword. participant,1
title: multi-destination,1
"want to search for tickets, providing loca-",1
minor writing complement. participant,1
then will be displayed,1
title: checking travel,1
"given i go to ""travel",1
minor writing complement. participant added,1
"when i type ""xxx"" in the",1
"when i type ""booking refer-",1
misspecification. this is not an interactive,1
and will be displayed,1
"and will be displayed ""non-",1
"and i choose ""search by fares""",1
"when i inform ""...""",1
title: searching flights to paris,1
fig. 12  assessment of the,1
discussion,1
individual performance,1
adherence problems,1
opportunities for improvement,1
general performance,1
threats to validity,1
generalization of results,1
sample size,1
absence of training,1
possible interpretation bias,1
conclusion and future works,1
olume 31,1
number 2,1
june 2010,1
ada,1
editorial policy for ada user journal,1
editorial,1
quarterly news digest,1
forthcoming events,1
articles,1
"baillon, s. bouchez-mongardé",1
m. sobczak,1
"""polymorphic callbacks for ada/c++ bindings""",1
ada gems,1
ada-europe 2010 sponsors,1
nside back cover,1
ommentaries,1
publication,1
original papers,1
aims,1
announcements and reports,1
reviews,1
submission guidelines,1
news and product announcements,1
reprinted articles,1
marco panunzio,1
ada-related events,1
ada-belgium spring 2010,1
e v e n t,1
ada-belgium general assembly,1
with all member benefits[2]. early,1
ada-europe 2010 - final,1
all for participation,1
review of ada issues,1
"conference next june in valencia,",1
ada and education,1
webinar on spark pro 9,1
books on data structures,1
a webinar providing an introduction and,1
ada-related resources,1
tutorials for aunit,1
understand and have implemented things,1
ada reference manuals in,1
info format,1
recommend the following two books:,1
"h. cormen, charles e. leiserson, ronald",1
rivest and clifford stein,1
source view widget support.,1
units of measurement for,1
ada v3.0,1
ada-related tools,1
simple components for ada,1
v3.8,1
gtkada contributions v2.6,1
nterval arithmetic for ada,1
v1.8,1
rapid 3.3,1
tasking support;,1
multi-columned derived model;,1
extension derived model (to add,1
abstract caching model for directory-,1
file system navigation widgets with,1
resource styles;,1
capturing resources of a widget;,1
embeddable images;,1
some missing subprograms and bug,1
measurement unit selection widget,1
improved hue-luminance-saturation,1
simplified image buttons and buttons,1
controlled ada types for gtk+,1
spawning processes synchronously,1
capturing asynchronous process,1
ada binding for amqp,1
ada-python binding,1
ada binding for ømq,1
on database interface,1
libraries for ada,1
have sqlite3 bindings (middle,1
only immediately relevant hypotheses,1
matreshka v. 0.0.3,1
remember that somebody announced it.,1
txl grammar for ada,1
_view 2.1.1,1
ada-related products,1
adacore / altran praxis -,1
spark pro 9,1
adalog - adacontrol,1
r3,1
adacore - gnat pro,1
high-integrity edition for,1
xworks mils platform,1
atego - objectada real-,1
time for vxworks 653,1
a complete security application,1
atego - artisan studio 7.2,1
also extends artisan studio reviewer,1
nspirel - yami4,1
rapita systems -,1
rapitime v2.3,1
hi-lite project,1
ada and gnu/linux,1
-mp],1
"qtada, gprbuild and xmlada",1
"for debian, ubuntu and",1
gentoo linux,1
ada inside,1
use of ada in the bound-t,1
timing analysis tool,1
references to,1
publications,1
embedded.com -,1
"""expressive vs. permissive",1
languages: is that the,1
"question?""",1
platform. both toolchains will be,1
ndirect information on ada,1
usage,1
ada in context,1
gnu go ada initiative,1
only have something against dubious,1
on the tiobe index and the,1
ranking of ada,1
update on the auroraux,1
gnat aux (draco) for,1
auroraux,1
on min/max attributes and,1
the type/subtype relationship,1
procedure main is,1
parts of draco.,1
objective 4: to complete the,1
"primary objective: create the ""dlc""",1
"function ""max"" (left, right : t)",1
return integer,1
a topic for ada 201z...,1
on stream_access and,1
ada.streams,1
package p is,1
package q is,1
type my_string is array,1
on the efficiency of child,1
and nested packages,1
type my_string is,1
can't say. different compilers will,1
parallel processing and,1
latency in multi-core,1
processors,1
tasks (70-93% load): 1520 sec.,1
tasks (70-93% load): 1195 sec.,1
learned battling something similar,1
"microseconds, (exchange of data",1
"s : string := ""abc"";",1
t : foo'class := ...;,1
on default discriminants,1
and mutable objects,1
on building a gnat cross,1
compiler for powerpc,1
by chance?,1
on unit recompilation with,1
gnat,1
would have expected engine control,1
think gnatmake -m corrects this,1
spark: what does it prove?,1
on loop assertions in,1
spark,1
if line'length > max_line_length,1
for i in line_size_type range,1
.. characters_to_copy loop,1
package strings is,1
subtype line_index is positive,1
subtype line_size_type is natural,1
subtype line_type is,1
type line_record is,1
record,1
function prepare_line(line : string),1
package body strings is,1
return line_record is,1
on the accessibility level of,1
access discriminants,1
spark_io in spark 9 &,1
ada 2005,1
package pack1 is,1
type rec is record,1
type rec2 (d : access rec),1
is limited record,1
function func (param : integer),1
procedure proc2 is,1
a : access rec;,1
a := func(1).d;   -- legal?,1
dirk craeynest,1
♦ oct 24-28,1
december 10,1
♦ june 20-24,1
acm annual international conference,1
"fairfax, virginia (washington dc area), usa",1
"october 24-28, 2010",1
udvar-hazy space museum,1
"hris lane, lockheed martin corporation",1
"indy cicalese et al, the mitre corporation",1
update on the forthcoming ada 2012 standard,1
preliminary call for papers,1
the ada connection,1
ada conference uk,1
th international conference on,1
reliable software technologies -,1
ada-europe 2011,1
"- 24 june 2011, edinburgh, uk",1
honorary chair,1
general information,1
schedule,1
tutorial chair,1
november 2010,1
january 2011,1
february 2011,1
march 2011,1
may 2011,1
exhibition chair,1
ndustrial chair,1
topics,1
publicity chair,1
finance chair,1
ocal chairs,1
all for regular papers,1
awards,1
all for industrial presentations,1
all for tutorials,1
all for workshops,1
ndustrial committee,1
all for exhibitors,1
grants for reduced student fees,1
ada-europe launches,1
about ada-europe,1
press contact,1
programming language,1
ravenscar profile,1
authors',1
experience,1
developing,1
device drivers and high-integrity,1
restrictions,1
ravenscar restrictions,1
other high-integrity restrictions,1
isting 1  two-step driver,1
protected driver is,1
private,1
protected body driver is,1
procedure start_io is,1
entry end_io when finished is,1
procedure handler is,1
entry start_io when ready is,1
a generic driver architecture,1
figure 1   generic driver architecture,1
communications drivers for ork+,1
and leon computers,1
hardware platform,1
the spacewire device,1
spacewire driver architecture,1
serial driver,1
"no 2, p 61-66.",1
executable requirements in a safety-critical,1
ontext with ada,1
"hristophe baillon, shanti bouchez-mongardé",1
after having described the behaviour driven,1
test driven development,1
what do i test first?,1
how far should i test?,1
bdd used with legacy software,1
presentation of xreq,1
step definitions,1
procedure given_this_step_works,1
test cases,1
calculator example,1
requirement: calculator,1
test case: add two numbers,1
"when i add ""3"" and ""5""",1
"then the result should be ""8""",1
test case: subtract two numbers,1
"when i subtract ""3"" to ""5""",1
"then the result should be ""2""",1
package calculator_steps is,1
test cases (2 passed),1
steps (4 passed),1
package body calculator_steps is,1
advanced features,1
"when i <operation> ""<op1>"" <link> ""<op2>""",1
"then the result should be ""<result>""",1
polymorphic callbacks for ada/c++ bindings,1
maciej sobczak,1
this is a general problem,1
the application context,1
figure 1. architecture of yami4,1
class callback,1
"#include ""base.h""",1
#include <cstdio>,1
#include <vector>,1
void registercallback(callback * c),1
void fireall(),1
ada binding with polymorphic callback,1
class wrappedcallback : public callback,1
"allbackfunctiontype function, void * object)",1
virtual void call(),1
"extern ""c"" void wrapped_registercallback(",1
"void * function_addr, void * object)",1
union,1
"extern ""c"" void wrapped_fireall()",1
"extern ""c"" typedef",1
procedure example is,1
type some_callback is,1
overriding procedure call,1
(self : in some_callback) is,1
type other_callback is,1
(self : in other_callback) is,1
maintenance impact,1
package callbacks is,1
procedure register_callback,1
package body callbacks is,1
package conversions is,1
new system.address_to_access_conversions,1
(c : in callback_access) is,1
procedure wrapped_register_callback,1
procedure fire_all is,1
performance considerations,1
inter-language issues,1
gems #71-#76: tokeneer discovery,1
essons,1
altran praxis,1
esson 1 - improper initialization,1
procedure getstartandendtimefromfile,1
(thefile     : in out file.t;,1
description :    out audittypes.descriptiont),1
--# global in out auditsystemfault;,1
"--# derives auditsystemfault,",1
"--#         thefile          from *,",1
--#                               thefile &,1
--#         description      from thefile;,1
is,1
ok : boolean;,1
firsttime : clock.timetextt;,1
lasttime  : clock.timetextt;,1
-- in call to getstring,1
timeok    : boolean := true;,1
-- begin getstartandendtimefromfile,1
firsttime := clock.printtime(clock.zerotime);,1
lasttime := clock.printtime(clock.zerotime);,1
description := converttimestotext;,1
end getstartandendtimefromfile;,1
if ok then,1
end if;,1
thefile : file.t;,1
thefile := logfiles (index);,1
end deletelogfile;,1
i : logfileindext;,1
thefile := logfiles (i);,1
--#        in out logfiles;,1
--#        in out logfilesstatus;,1
--#        in out logfileentries;,1
"--#         logfiles         from *,",1
"--#                               logfiles,",1
--#                               index &,1
"--#         logfilesstatus,",1
"--#         logfileentries   from *,",1
--#                               index;,1
function nextlistindex(value : logfileindext),1
return  logfileindext,1
result : logfileindext;,1
if value = logfileindext'last then,1
result := logfileindext'first;,1
result := value + 1;,1
return result;,1
end nextlistindex;,1
if success and then,1
(rawduration * 10 <= integer(durationt'last),1
rawduration * 10 >= integer(durationt'first)),1
value := durationt(rawduration * 10);,1
"result, result_tmp: logfileindext;",1
result_tmp := value + 1;,1
(rawduration <= integer(durationt'last) / 10,1
rawduration >= integer(durationt'first) / 10),1
vcs for procedure_readduration :,1
procedure_readduration_4.,1
h2:    rawduration__1 <= 2147483647 .,1
->,1
10 <= 2147483647 .,1
vcs for procedure_addelementtocurrentfile :,1
--# pre logfileentries(currentlogfile) <,1
--# post logfileentries(currentlogfile) =,1
thefile : file.t ;,1
thefile := logfiles (currentlogfile);,1
addelementtofile,1
"(thefile => thefile,",1
"elementid    => elementid,",1
"severity     => severity,",1
"user         => user,",1
description  => description);,1
logfiles (currentlogfile) := thefile;,1
logfileentries(currentlogfile) :=,1
end addelementtocurrentfile;,1
procedure addelementtocurrentfile,1
(elementid    : in     audittypes.elementt;,1
severity     : in     audittypes.severityt;,1
user         : in     audittypes.usertextt;,1
--# global in     clock.now;,1
--#        in     currentlogfile;,1
--#        in out auditsystemfault;,1
"--#                               clock.now,",1
"--#                               elementid,",1
"--#                               severity,",1
"--#                               user,",1
--# post logfileentries =,1
logfileentries(logfileindextype'first) := 10;,1
procedure verify(template       : in,1
maxfar         : in     iandatypes.fart;,1
matchresult    :    out,1
achievedfar    :    out,1
"--# derives auditlog.state,",1
"--#                                 template,",1
numericreturn : basictypes.unsigned32t;,1
"interface.verify(template     => template,",1
"maxfar       => maxfar,",1
"matchresult  => matchresult,",1
"achievedfar  => achievedfar,",1
bioreturn    => numericreturn);,1
if numericreturn /= valueof(bioapiok) then,1
matchresult := iandatypes.nomatch;,1
auditlog.addelementtolog,1
"(elementid    => audittypes.systemfault,",1
"severity     => audittypes.warning,",1
"user         => audittypes.nouser,",1
description  => makedescription,1
numericreturn));,1
end verify;,1
--#,1
t             : clock.timet;,1
t := clock.getnow;,1
if t = clock.zerotime then,1
matchresult := iandatypes.match;,1
achievedfar := 0;,1
"--#         auditlog.filestate from input,",1
national ada organizations,1
ada-belgium,1
ada-spain,1
ada in denmark,1
ada in sweden,1
ada-deutschland,1
ada switzerland,1
ada-france,1
andelfingen,1
paris,1
generating testing codes for behavior-driven,1
ning gao,1
zhi li*,1
shows its problem diagram.,1
generating user scenarios,1
feature: reservation system,1
scenario: vehicle license registration,1
testing codes,1
generation of behavior-driven,1
development c++ tests from abstract,1
state machine scenarios,1
"johannes kepler university, linz, austria",1
bdd for c++,1
s. bonfanti et al.,1
fig. 2. a simple avalla scenario,1
avalla,1
asmeta to c++,1
generation of bdd tests from avalla,1
"softw. 11(2), 21-32 (1994)",1
"shigeru tsubota, koji hirono",1
tianyao li,1
keywords-test,1
a. syntax of module definition,1
b. syntax of module reuse,1
others,1
future generation computer systems,1
characteristics of microservices,1
testing mechanisms for microservices,1
"analysis, retrieval, and testing)",1
system requirements,1
microservice retrieval,1
detection of cyclic dependency,1
construction of sdg,1
scenario-driven microservice testing,1
scenario-driven microservice retrieval,1
pre-processing,1
"rsi, ssj",1
+ (1 − w3),1
+ simt,1
+ simw,1
×,1
r and microservice s; sims,1
"rsi, rsj",1
experimental evaluations,1
• os: arch linux,1
• cpu: intel core i7-4790,1
• ram: 16 gb,1
• neo4j driver: bolt,1
• neo4j memory pagecache size: 4g,1
precision testing of microservice retrieval,1
efficiency testing of sdg generation,1
⏐⏐rel (ri) ∩ rankk (ri),1
⏐⏐,1
precisionk (ri) =,1
|rankk(ri)|,1
(1972) 146-160.,1
how to evaluate bdd scenarios' quality?,1
muddos research group - ppgcc,1
assiano moralles,1
"school of technology, pucrs",1
figure 3: research design,1
research goal and questions,1
table 1: participants profiles,1
table 2: interview questions,1
experi-,1
ence,1
ocation,1
nterview's participants selection,1
nterview design,1
iterature-informed quality attributes',1
nterpretations,1
participants' personal criteria,1
newly-redefined quality criteria,1
and proposed question-based,1
hecklist,1
newly-redefined quality attributes,1
istics,1
haracteristic,1
question-based checklist,1
geert poels (ed.),1
enterprise,1
nformation systems,1
of the future,1
"ghent, belgium, september 19-21, 2012",1
revised selected papers,1
a min tjoa,1
table of contents,1
full papers,1
short papers,1
process innovation: redesigning an enterprise,1
backbone system,1
t-enabled process innovation,1
t-enabled process innovation at work: spoms,1
short-,1
term,1
mid-,1
the spoms project,1
dashboard,1
product design,1
data,1
evel 0 process,1
ppid,1
an architected process solution,1
entralized process governance,1
project implementation challenges,1
ncreased sim card production capacity,1
for delivery to the market,1
for it-enabled process innovation,1
esson 3: project management,1
t landscape management using network analysis,1
d. simon and k. fischbach,1
,1
=,1
i,1
g,1
j,1
= λ,1
t landscape documentation,1
t landscape analysis,1
application,1
t landscape planning and decision making,1
mplementation of target it landscape,1
governance of it landscape management,1
sme perspective,1
"pforzheim, germany",1
technological factors,1
organizational factors,1
environmental factors,1
table 1. company and participant demographics,1
years +,1
data analysis and discussion,1
perceived cost reduction,1
system performance and availability risk,1
mproved it reliability,1
data security risk,1
"small business act 102 (1996),",1
diagnostics,1
methodological approach,1
trace alignment,1
pre-processing aligned traces,1
tree of building blocks,1
nput: matrix a,1
output: tree of building blocks,1
= a,1
: if c,1
: if |cl| < 1 then,1
:  if |cl| < 1 then,1
:   if |cl| < 1 then,1
:    if |cl| < 1 then,1
endif,1
ø then,1
endfor,1
fig. 1. trace alignment,1
fig. 2. process de-composition,1
mining projects oriented to smes,1
a proposal of effort estimation method,1
dmcomo estimation method,1
smes' information mining projects,1
ost drivers,1
ost drivers related to the project,1
alue,1
estimation formula,1
alidation of the proposed estimation method,1
real effort,1
business,1
objectives,1
nformation,1
mining objectives,1
(men x,1
month),1
mm23,1
mm8,1
b,1
u,1
p,1
r,1
m,1
e,1
k,1
p1,1
p2,1
p3,1
p4,1
p5,1
p6,1
p7,1
p8,1
p9,1
p10,1
obty,1
eco,1
arep,1
qtum,1
qtua,1
klds,1
kext,1
pem,1
dmcomo,1
ref - mm8,1
mm23 ref - mm23,1
ref - pem relative,1
error,1
14.3%,1
54.0%,1
56.1%,1
43.8%,1
30.9%,1
table 13. (continued),1
measuring the impact of suspension,1
on the process enactment environment,1
during process evolution,1
resume the process enactment,1
(2) suspension-base indicating,1
d = 1,1
effect of rptu on suspension throughput,1
fig. 6. suspension-base with varying,1
fig. 7. backlog-summit with varying,1
fig. 8. mean absolute deviation of,1
fig. 9. mean absolute deviation of,1
"fig. 10. throughput over time, with",1
"fig. 11. throughput over time, with",1
fig. 17. suspension-start with varying,1
fig. 18. mean absolute deviation of,1
onclusion and future research,1
theoretical background and research question,1
fig. 1. organization structure of gbs,1
t at gbs (graduate business school),1
erp implementation context,1
erp selection and implementation process,1
ommunication,1
analysis of the case,1
motivation for erp adoption,1
user perceptions during erp implementation,1
hanged job characteristics,1
technical issues and decisions,1
understanding the erp system use in budgeting,1
w. uppatumwichian,1
research method and case description,1
table 1. case company description,1
ontradiction at the structural level,1
onclusions and implications,1
appendix 1: interview guide,1
appendix 2: coding example,1
to define maintenance strategies,1
reliability centered maintenance,1
t. clemente et al.,1
main steps of the rcm,1
maintenance management system requirements,1
a dss for maintenance management,1
main flow of the functional module,1
definition of maintenance actions,1
has thoughts about competitive advantage,1
b. johansson,1
erp and competitive advantage seen from the,1
resource-based view,1
table 1. the vrio framework [23],1
nfluence requirements feedback,1
oncluding remark and future research,1
towards a business network management,1
d. ritter,1
the virtualized business network,1
fig. 3. business network mining extended,1
business network management,1
the business network management prototype,1
"sap process integration (2012),",1
enters eis patterns,1
an inoculable workflow engine,1
onclusions and further directions,1
elicitation in information mining projects,1
"information mining research group,",1
"information systems research group,",1
d. mansilla et al.,1
state of current practice,1
project managment,1
understanding,1
dentification of information,1
mining process,1
business conceptualization,1
business definition,1
fig. 1. information mining process phases,1
business conceptualization phase,1
business definition phase,1
table 3. concept structure,1
dbr,1
dog,1
awl,1
dmg,1
wmg,1
business description,1
process execution,1
table 6. identified business concepts,1
property,1
ustomer,1
to offer a property,1
nterested,1
delivery: a case at the belgian railways,1
ntroduction: challenges and strategic intent,1
external challenges,1
nternal challenges,1
lutin et al.,1
strategic intent,1
transforming ictra,1
starting from the vision,1
adopting a new ict operating model,1
fig. 2. new organizational structure,1
finance transformation project,1
fig. 3. transforming ictra: building blocks,1
establish commitment,1
gain credibility,1
fig. 4. cost chargeback model,1
prove competence,1
outcome and conclusion,1
models from a user's perspective,1
a. van looy,1
preliminary results,1
costs,1
purpose,1
architecture details,1
architecture type,1
capabilities,1
nr. of processes,1
type of processes,1
availability,1
duration,1
nr. of questions,1
rating scale,1
respondents,1
assessment criteria,1
mprovement criteria,1
non-design criteria,1
become an organizing vision for enterprise,1
loud computing in denmark?,1
"herbertnathan & co, copenhagen, denmark",1
[19].,1
s innovations as organizing visions,1
"sap. sap business bydesign (2012),",1
effect of erp implementation on the company,1
efficiency - a macedonian case,1
"reep 1, 9000 gent, belgium",1
the situation in macedonia,1
j. devos et al.,1
the case study company,1
findings from the employees' survey,1
and 5,1
feel,1
findings from the company's annual reports,1
table 4. financial indicators,1
in the banking sector,1
nformation security policy,1
employee awareness,1
access control,1
top level management support,1
orporate governance,1
onceptual framework,1
nformation security in the banking sector,1
enterprise information system,1
awareness,1
tlms,1
security policy,1
the gramm-leach-bliley act,1
nformation officers in the banking sector,1
onclusions and future research,1
cyber-ark,1
"fdic law, regulations, related acts,",1
group preference aggregation,1
based on electre methods,1
for erp system selection,1
model proposed,1
table 2. decision matrix,1
0.3 4 0.7 1.8,1
0.7 5 0.4 2.0,1
table 6. matrix of global evaluation,1
table 7. global ranking of alternatives,1
final remarks and conclusions,1
(2004),1
omparison of critical success factors,1
leyh and l. crenze,1
research methodology - literature review,1
dentified,1
papers,1
ritical success factors for it projects,1
factor,1
number of,1
instances,1
omparison of the critical success factors,1
onclusion and limitations,1
rank,1
sfs for erp system,1
sfs for it projects,1
implementations,1
[number of,1
instances],1
erp system configuration,1
no match,1
business process reengineering,1
external consultants,1
endor relationship and,1
support,1
data accuracy,1
erp system tests,1
nterdepartmental cooperation,1
use of a steering committee,1
knowledge management,1
resource management,1
working conditions,1
background and context,1
"research problem, objective and scope",1
enterprise resource planning systems,1
role and challenges of knowledge management,1
gaps in the literature,1
research paradigm and approach,1
preliminary findings,1
knowledge management challenges,1
mplementing behavior driven development,1
in an open source erp,1
ntroducing bdd,1
bdd in erp5,1
. erp5's basic sales opportunity process,1
sector: is sap erp all-in-one capable to meet,1
specific requirements?,1
situation before sap implementation,1
mplementation and its specific features,1
"sap business all-in-one,",1
of business process models*,1
the ψ -theory,1
a. caetano  et al.,1
the operation axiom,1
the transaction axiom,1
order phase,1
result phase,1
the analysis method,1
fig. 1. input b,1
generate the dem,1
o models (step 2),1
fig. 2. incomplete process str,1
revise the demo m,1
models (step 3),1
fig. 3. construction model,1
rocess model (step 4),1
revise the input pr,1
fig. 4. identification of,1
results of application,1
for business software,1
n. ferreira  et al.,1
fig. 1. the v+v process approach,1
-model process assessment with arid,1
process- to product-level transition,1
omparison with related work,1
mproving agile software development,1
with domain ontologies,1
s. m. dos santos forghieri pereira,1
f. pires,1
p. l. de souza et al.,1
ontologies,1
fig. 37.1 hero (from [11]),1
ufscar ontologies,1
ufscar medicine programme,1
fig. 37.2 ufscar ontology (in owlviz),1
fig. 37.3 ufscar medicine,1
fig. 37.4 constructivist spiral,1
evaluation process ontology,1
user story and scenario ontology,1
fig. 37.5 evaluation process,1
fig. 37.6 evaluation process,1
narrative:[story title],1
n order to[benefit],1
as a[role],1
want to[feature],1
senario:[scenario title],1
given[main context],1
and[additional contexts],1
when[specific event],1
then[main outcome],1
and[additional outcome],1
"artif. intell. appl. 46, 03-15 (1998)",1
total citations: 2,1
total downloads: 61,1
federal university of pernambuco,1
joão pedro santos,1
"nformatics center, federal university",1
thaís rocha,1
paulo borba,1
of pernambuco,1
"recife, brazil",1
motivação,1
a ferramenta taiti,1
extensão de taiti,1
pré-processamento de dependências do,1
projeto,1
processamento de dependências do projeto,1
extração de dependências de testi,1
ntegração à taiti,1
estudo empírico,1
seleção de projetos,1
extração de tarefas e suas interfaces,1
falsos positivos.,1
projetos distintos.,1
resultados por projeto,1
"± 19, 6(76, 1)",1
"± 13, 2(32, 9)",1
"± 14, 8(76, 2)",1
"± 12, 6(70, 8)",1
"± 1, 8(18)",1
resultados por tarefa,1
alidade externa,1
análise manual de testidep,1
ameaças à validade,1
alidade interna,1
onsiderações finais,1
"(2019), 176-195.",1
ntegrating behavior driven development,1
and programming by contract,1
schoeneman and j.b. liu,1
want to [useraction],1
fig. 1. r,1
ontracted beh,1
avior driven development,1
mplementing kime,1
expected input,1
want to [action],1
a set of templates,1
a set of unit tests,1
parsing entity definitions,1
parsing gherkin,1
data structures for entity definitions,1
schoeneman and,1
fi,1
ig. 3. entity definition class diagram,1
kin parsed forms,1
data structures for gherk,1
fig. 4. gherkin data structures,1
razor engine interface,1
a simple provider patter,1
razor templates for code,1
e generation,1
unit tests,1
bdd analysis,1
arger validated c,1
hoare logic rules,1
unit test,1
"t = (cu, ct, p, r)",1
ontract annotated code,1
user centered design practices,1
ntegration with existing tools,1
ntuitive,1
ntuitive design: framing a,1
software test system as a status,1
reporting tool for business,1
haehan so,1
republic of korea,1
july 2016,1
paper type research paper,1
jedt,1
",2",1
a new approach: user-centered design,1
related literature,1
the art-communicator framework,1
present value to business stakeholders,1
the case study,1
rq1: intuitive understanding,1
rq2: work reduction,1
validation with other case studies,1
adaptations in other contexts,1
about the author,1
specifications: a controlled experiment,1
"florian häser∗, michael felderer, ruth breu",1
dsls for behavior driven development,1
research objectives and questions,1
hypotheses and variables,1
independent variables,1
dependent variables,1
subjects,1
to 4.,1
objects,1
instrumentation,1
analysis procedure,1
data collection procedure,1
evaluation of validity,1
performed data collection,1
validity procedure,1
descriptive statistics,1
interpretation,1
analysis of results and implications,1
limitations of study,1
lesson learned,1
(4) (2009) 1149-1160.,1
total downloads: 405,1
published: 21 july 2014,1
tariq m. king,1
gabriel nunez,1
dionny santiago,1
adam cando,1
ody mack,1
ultimate way,1
"weston, fl 33326, usa",1
ategories and subject descriptors,1
general terms,1
hallenges,1
test comprehensibility,1
test traceability,1
test documentation,1
test selection,1
egend,1
test fragility,1
overview,1
domain-specific web testing,1
story linking and navigation,1
model-based automation,1
test template generation,1
test inventory synchronization,1
entralized test tagging,1
formal aspects,1
of computing,1
egislation-driven development of a,1
gift aid system using event-b,1
david m. williams,1
", salaheddin darwish",1
", steve schneider",1
", and david r. michael4",1
egislation,1
gherkin scenarios,1
given today is <day>,1
then i should be told <answer>,1
event-b machines,1
status s,1
any t where,1
machine machinename,1
refines [abstractmachinename],1
sees [contextname],1
"ariables v0, .., vn",1
nvariants i(v),1
events,1
when a donor performs <action>,1
then the donation is marked <newstate>,1
when a charity performs markwarranted,1
then the donation is marked warranted,1
then a declaration is <result>,1
when the tax year ends,1
m0 core functionality,1
m1 with numerical values,1
m2 finer grained time,1
≺,1
processing a donation,1
m0-core functionality,1
machine m0,1
sees [c0],1
nvariants,1
status ordinary,1
any donor where,1
"any donor, donation where",1
"any donor, donation, declarationid where",1
m1-with numerical values,1
machine m1,1
refines [m0],1
sees [c1],1
"any donor, donation, amount where",1
m2-finer grained time,1
machine m2,1
refines [m1],1
sees [c2],1
ariant totalnewdays − time,1
"any donor, exprtime where",1
status convergent,1
cancelling a donation/declaration,1
reversing a cancellation,1
may 2019,1
maintaining behaviour driven development,1
specifications: challenges and opportunities,1
"nance, test suite evolution",1
b. respondents,1
a. survey design,1
benefits of bdd,1
rate (%),1
hallenges of bdd,1
b. perceived benefits and challenges,1
challenges of maintaining bdd specifications,1
d. duplication in bdd suites,1
"miss some 'include' keyword.""",1
e. opportunities,1
hallenge,1
opportunity,1
ink to related literature,1
ieee international conference on.,1
software evolution week-ieee conference on.,1
total downloads: 158,1
published: 17 october 2018,1
rousiany lemos,1
eilton lima rocha,1
state university of ceara,1
federal university of ceara,1
patrícia mello,1
mestrado acadêmico em ciência,1
da computação - uece / instituto,1
pablo ximenes,1
mestrado e doutorado acadêmico,1
nstituto atlântico,1
fortaleza ce brasil,1
detran - ce,1
atlântico,1
leilton lima rocha,1
ana luíza bessa,1
mariela i. cortés,1
da computação - uece,1
•software,1
its,1
engineering→software,1
reference → empirical studies,1
business intelligence (bi),1
bases teóricas,1
bdd em projetos de bi,1
fase inicial do projeto e uso do bdd,1
relato de experiência,1
o projeto gissa,1
início do desenvolvimento,1
a primeira release,1
lições aprendidas da sprint 14,1
soluções adotadas,1
análise sobre o abandono do uso do bdd no,1
projeto gissa,1
conclusões,1
"gabriel oliveira, sabrina marczak",1
"behavior-driven development, empirical study",1
a. traditional requirements,1
b. behavior-driven development,1
task 1,1
task 2,1
task 3,1
task 4,1
b. design description,1
a. fictional products,1
"a practitioner's perspective,"" 2014.",1
on the understanding of bdd scenarios',1
quality: preliminary practitioners',1
opinions,1
behavior-driven development · empirical study,1
g. oliveira and s. marczak,1
fig. 1. research design,1
employees).,1
or 2 given steps,1
"technol. 77, 61-79 (2016)",1
ontological syntax highlighting,1
february 2026 09:01:58,1
ase tools and methodologies,1
syntax highlighting,1
then [result - coordination/production fact],1
perform bdd testing.,1
collect data from code coverage.,1
proposal of implemetation in ide,1
with a behavior driven development approach,1
system integration testing,1
a. v -cycles,1
b. test procedures management,1
a. domain specific languages,1
needs,1
b. projectional vs textual editors,1
a dstl workbench,1
a. the big picture explained,1
b. dstls and gherkin language,1
dstls and bdd approach,1
cases studies,1
d. the pivot language,1
a. ata 21,1
e. expected benefits,1
b. ata 42,1
"test language ( [15]),",1
a. test language,1
agility in an avionic context,1
electronic communications of the easst,1
olume 079 (2020),1
nteractive workshop,1
etaps 2020 workshop,1
(interavt 2020),1
artefacts,1
pages,1
"thiago rocha silva, brian fitzgerald",1
scenario n: [title],1
/ 9,1
automated verification of software artefacts,1
step of scenario,1
task name,1
rule head (if),1
rule tail (then),1
entities,1
non-hierarchical relationships,1
ardinality,1
hierarchical relationships,1
challenges and conclusions,1
predicting co-changes between functionality,1
aidan z.h. yang,1
daniel alencar da costa,1
ying zou,1
"hanges, empirical software engineering",1
.feature files and source code files?,1
sary?,1
source code files?,1
.feature changes,1
source code changes,1
experiment setup,1
determine,1
eliminate,1
select projects,1
ture files and source code files?,1
project (username/project-name),1
year created,1
total commits,1
pull requests,1
if,1
attribute name,1
rationale,1
a. construct validity.,1
b. testing strategies,1
co-changes,1
b. internal validity.,1
external validity.,1
d. traceability,1
a. bdd,1
e. requirements engineering,1
for electronic health record systems,1
agile conference,1
a. legislation and software,1
test suites,1
b. ehr software certicfication,1
d. bdd concepts,1
e. bdd frameworks,1
"acm/ieee 32nd international conference on,",1
february 2026 08:42:32,1
"03 ostrava, czech republic",1
ntroduction and motivation,1
figure 1. the standard transaction pattern,1
feature [title],1
figure 2. the bdd scenario template,1
oupling transactions and bdd scenarios,1
feature order processing - t01,1
want to dispatch order,1
scenario: completation of order,1
then [coordination/production fact],1
when i finish packaging,1
scenario descriptions,1
"pendik, istanbul, turkey",1
"tools, techniques and languages",1
feature: exporting,1
using,1
namespace,1
{,1
},1
preparing scenario templates,1
feature: report,1
scenario: report,1
and add kpi 'calldrop%',1
when i click,1
and 'calldrop%' should be,1
scenario: counter,1
and add,1
namespace piweb autotest,1
isting 6 a sample reported issue,1
open,1
create a report,1
select,1
add kpi,1
click,1
expected: report,1
actual: exception,1
set,1
actual: webserviceerror,1
scenario: 2g_cell,1
executing test cases,1
(19 %),1
(40 %),1
total downloads: 205,1
published: 19 september 2016,1
federal university of sao joao del-rei,1
federal university of rio grande do norte,1
ss-bdd: automated acceptance testing,1
for spreadsheets,1
eiji adachi barbosa,1
ara almeida,1
federal university of,1
elder cirilo,1
rio grande do norte,1
são joão del-rei,1
stock!product,1
stock!quantity,1
stock!unityprice,1
=c3*d3,1
=c4*d4,1
=c5*d5,1
=sum(e3:e11),1
github.com/cucumber/cucumber/wiki/gherkin,1
jbehave.org,1
poi.apache.org,1
spreadsheets,1
testing spreadsheets,1
feature: acquired items go to inventory,1
scenario: the inventory value is updated,1
given i have acquired new sweaters,1
a - spreadsheet behaviours as,1
b - scenarios translated into,1
- the spreadsheet,1
d - execution report,1
ss-bdd framework,1
the ss-bdd approach,1
scenarios templates,1
given i have acquired new <stock!product>,1
when <stock!quantity> new are acquired by,1
ss-bdd,1
apache poi,1
sscell,1
ssscenario,1
sscontext,1
formula evaluator,1
sscellvalue,1
ssstep,1
ssstepexecution,1
workbook,1
nventory ss,1
nventoryssstep,1
nvetoryssstory,1
junitystory,1
names in spreadsheets and parameters in,1
scenarios template,1
fault model,1
test cases implementation,1
framework design and implementation,1
teste script execution control,1
public class sscssstep extends ssstep {,1
detected faults,1
fault type,1
hc,1
sc,1
all,1
table 2. faults injected and detected,1
njected/detected faults,1
automatic generation of test scripts,1
ss-bdd in practice,1
user-friendly reports,1
test adequacy criterion for spreadsheets,1
excel and google sheets add-ins,1
cucumber.io,1
junit.org,1
(1) (2007) 71-95.,1
scenario-based microservice retrieval,1
using word2vec,1
smsr(scenario-based microservice retrieval,1
a. behavior-driven development and gherkin,1
b. word2vec,1
parameter name,1
x-scenario,1
x-category,1
x-language,1
x-framework,1
x-data-format,1
experiments anddiscussions,1
a. comparison methods,1
r and microservice s;,1
experiment results,1
conculsion,1
total citations: 18,1
total downloads: 352,1
published: 16 october 2020,1
system validation,1
"westfalen, germany",1
"nordrhein-westfalen, germany",1
germany,1
"paderborn, nordrhein-westfalen, germany",1
dortmund university of applied sciences,1
gofried wilhelm leibniz university hannover,1
automotive system validation,1
arsten wiecher,1
sergej japs,1
ydia kaiser,1
dortmund university of applied,1
fraunhofer iem,1
"paderborn, germany",1
sciences and arts,1
"dortmund, germany",1
joel greenyer,1
roman dumitrescu,1
arsten wolff,1
eibniz universität hannover,1
"hannover, germany",1
bizdevops,1
automotive systems engineering,1
model-based requirements engineering,1
table 1: requirements for plug lock,1
req1,1
req2,1
req3,1
req4,1
req5,1
req6,1
example of application,1
scenario modeling language for kotlin,1
(smlk),1
figure 1: example of application,1
isting 1: smlk scenario specification,1
feature: plug lock,1
scenario: lock request (req2),1
example based on req2,1
scenarios in the loop (scil),1
ommunication and documentation (c&d),1
ayer,1
(10).,1
clarify customer,1
test software,1
test system,1
figure 2: idealized scil process,1
modeling layer,1
mented system,1
summary of the scil results,1
alidation layer,1
scenario: no lock request (req1),1
scenario: finish actuation (req4),1
scenario: confirm end position (req5),1
proof-of-concept application of,1
scil,1
isting 6: test-case for req5,1
brazilian computer society,1
research,1
scrumontobdd: agile software,1
"development based on scrum, ontologies",1
and behaviour-driven development,1
pedro lopes de souza1*,1
", wanderley lopes de souza1",1
and luís ferreira pires2,1
individuals.,1
studies found,1
studies filtered with inclusion criteria,1
studies selected with exclusion criteria,1
may 2018,1
accessed 19 jan 2021,1
security and privacy behavior definition,1
for behavior driven development,1
threat analysis and behavior specification,1
t&c graph,1
t. okubo et al.,1
relation,1
rel,1
threat,1
ountermeasure,1
fig. 1. metamodel of t&c graph,1
behavesafe,1
skyfire: model-based testing with cucumber,1
research and development,1
medidata solutions,1
introduction and motivation,1
features: emr-related operations,1
when the user starts an emr,1
when the user terminates the emr,1
bdd methodology of cucumber,1
environment.,1
model-based testing,1
skyfire,1
a. graph coverage criteria,1
b. abstract test generation,1
transformation to cucumber features,1
given: initializewithvalidkeys,1
when: startemr,1
then: emrcreationsuccess,1
when: addvalidsteps,1
and: terminateemr,1
then: emrterminationsuccess,1
d. usage,1
given initializewithvalidkeys,1
when startemr,1
then emrcreationissuccess,1
when startuntilrunning,1
then emrisrunning,1
when addvalidsteps,1
and checkstepsuntilcomplete,1
then stepsarecompletewaiting,1
and checkuntilrunning,1
when rununtilwaiting,1
when addinvalidsteps,1
and checkuntilgettingerrors,1
then invalidsteperroroccur,1
with the .uml extension.,1
anguage,1
#files,1
#loc,1
", 910",1
total downloads: 154,1
replicated controlled experiment,1
partially replicated controlled experiment,1
daniel ryan degutis,1
yang wang,1
stefan wagner,1
uni-stuttgart.de,1
original experiment,1
stpa-bdd,1
figure 1: stpa-bdd [18],1
a semi-automated tool:,1
tests4jbehave,1
replicated experiment design,1
manual bdd,1
semi-,1
automated,1
hypothesis,1
replicated experiment operation,1
(a) automatically generated test scenarios,1
(b) automatically generated test cases,1
replicated experiment results,1
figure 3: sample results,1
table 2: descriptive statistic,1
is the confidential interval.,1
(a) nius,1
(b) lc,1
table 3: hypothesis testing,1
"(2017), 579-630.",1
a b s t r a c t,1
a r t i c l e,1
n f o,1
m. irshad et al.,1
given the initial setting,1
when some event occurs,1
then provide some outcomes,1
and customer pays the money,1
research design and execution,1
research context,1
specsb,1
teams of 24 members,1
team of 6 members,1
action taking,1
action planning,1
normalized compression similarity (ncs),1
application of ncs and sr,1
evaluating,1
similarity ratio (sr),1
specifying learning,1
-47,1
similar,1
ac,1
-35,1
-60,1
-5,1
-10,1
-23,1
-14,1
-7,1
-17,1
-12,1
-2,1
-8,1
-11,1
comparison with software practitioners,1
scenario: account creation,1
given an account called ''cash'',1
scenario: account update,1
given an account called ''credit'',1
"ncs = 0.614, sr = 0",1
scenario: account creation and update,1
re-structuring,1
scenario: payment of bills,1
and bill payment is for gas,1
and 20 sek are deducted,1
when transaction is accepted,1
then gas payments are paid,1
scenario: payment using card,1
when transaction is created,1
"ncs = 0.680, sr = 0.50",1
given transaction of payment,1
transaction of payment,1
deleting,1
"ncs = 0.752, sr = 0",1
renaming,1
scenario: view debit,1
given money exists in an account,1
then verify debit is positive number,1
then verify debit is negative number,1
"ncs = 0.780, sr = 0",1
specification suite's diversity,1
choice of compressors,1
scalability of approach,1
contribution to practice and research,1
validity threats,1
table a.8,1
nac,1
-63,1
-19,1
-18,1
-13,1
-28,1
-3,1
-37,1
-48,1
-53,1
-40,1
-44,1
-21,1
-34,1
table a.9,1
appendix. tables,1
(3) (2003) 44.,1
(2) (2004) 126-139.,1
(3) (1992) 279-301.,1
ahmet furkan oruç and tolga ovatman,1
feature: some terse yet descriptive,1
as an explicit system actor,1
want to gain some beneficial outcome,1
scenario: some determinable business,1
given some precondition,1
and some other precondition,1
when some action by the actor,1
and some other action,1
and yet another action,1
then some testable outcome is achieved,1
scenario: a different situation,1
applying bdd approach,1
to the software,1
development cycle,1
conformance and,1
performance testing of,1
web services using bdd,1
scenario: scenario explanation,1
"given {some, a} user{s} {with/out}",1
"then a {positive, negative} answer",1
results and evaluation,1
scenario: user banking operations,1
then a positive answer should return,1
miliseconds,1
is the response expected? (conformance),1
appendix a,1
january 2016).,1
onceptual background,1
user stories and scenarios,1
acceptance testing of functional requirements,1
omputational ontologies,1
a new approach for multi-artifact testing,1
step 1: definition of the ontology,1
step 2: writing testable requirements,1
step 3: adding test cases,1
"fig. 12. the ""find flights"" prototype",1
"fig. 14. the ""choose flights"" prototype",1
tool support,1
testing in the prototype level,1
fig. 17. panda screenshot,1
testing in the final ui level,1
onclusion and future works,1
maria gerliane cavalcante,1
josé iranildo sales,1
sports financing,1
the behavior driven development,1
f.  behavior driven at different phases,1
b. interactive decomposition process,1
software quality using bdd applied to,1
"a. the ""meu campeão"" software",1
junit testing framework,1
d. creating the test using jbehave,1
e. selenium software testing tool,1
paper • open access,1
you may also like,1
testing perspectives,1
perspectives,1
arlinta christy barus,1
table 1. v-model testing,1
fase,1
document,1
type test,1
manual and automation testing,1
manual testing,1
have stabil requirements;,1
be accessed by virtual user;,1
have time constraint.,1
saving cost;,1
increasing test coverage;,1
reducing  human errors in testing;,1
improving software quality.,1
software development approaches,1
figure 1. atdd model,1
figure 2. given-when-then structure,1
ost,1
time,1
building,1
post-,1
release,1
testing analysis,1
attd based analysis,1
bdd based analysis,1
figure 3. user story structure,1
table 3. login feature and skenario,1
experiment design,1
figure 6. experiments phase,1
"t. point, ""behaviout driven development"".",1
"opment, test-driven development",1
want <a feature>,1
a. design considerations,1
"function({given, when, then, and}) {",1
"function (alp, blp, callback) {",1
"function (aao,callback) {",1
"}, (err, result, name) => {",1
"k. beck, test-driven development: by example.",1
"j. f. smart, bdd in action.",1
20th annual international conference on.,1
st annual conference of,1
the european association,1
for machine translation,1
-30 may 2018,1
universitat d'alacant,1
"alacant, spain",1
edited by,1
organised by,1
research group,1
morgan o'brien,1
"mcafee, building 2000 citygate, mahon, cork",1
redits,1
jira and xray,1
gherkin,1
a feature,1
a scenario,1
a scenario outline,1
given i experience a specific state,1
and i experience another starting state,1
when i do something,1
and i do something else,1
then i will experience an outcome,1
translation quality tests,1
gherkin as,1
nstruction,1
export gherkin in xml,1
regex replaces to the imperative,1
machine translate,1
publish,1
test results (before and after),1
usability study,1
gherkin information mt optimization,1
ognitive usability,1
towards automatic scenario generation,1
from coverage information,1
daniel große3,1
a. cucumber,1
b. rspec,1
feature: submission,1
scenario: add a new submission,1
when i select the submission page,1
scenario: list all submission,1
describe submissiondatabase do,1
"context ""when first created"" do",1
"it ""is empty"" do",1
b. studied projects,1
empirical study on coverage in bdd projects,1
d. studies on tdd,1
coverage-driven scenario generation,1
a. global coverage stage,1
when /^ [new step] $/ do,1
scenario: new scenario,1
and new step,1
then assertion step,1
nit,1
given i am an,1
when i select the,1
and i submit all,1
submission,1
then i get a succesful,1
b. local coverage stage,1
"bonn, germany",1
"münster, germany",1
material -behavior-driven gui,1
alendar web application screen defini-,1
tion,1
wireframe model describing the login,1
"want to ""login to the",1
ogin,1
rules for identifiers (id) and,1
required time for creating automated,1
std,1
denomi-,1
tor df,1
ase study: banking application,1
table 4: used widgets,1
table 5: behavior-driven ui testing measures,1
total citations: 9,1
total downloads: 242,1
published: 17 june 2014,1
multimodal applications,1
university of duisburg-essen,1
multimodal and web applications,1
"eics'14, june 17-20, 2014, rome, italy",1
anguage for multimodal applications,1
marc hesenius,1
tobias griebe,1
olker gruhn,1
due.de,1
"gerlingstr. 16, 45127 essen, germany",1
machine,1
human,1
expressiveness,1
usability,1
specification language requirements,1
scenario: activation of push services,1
given my app is running,1
"then the ""gamemain"" activity should be open",1
not be visible,1
"when i touch the ""activate push"" button",1
"then the view with id ""push-ind"" should be",1
visible,1
human-readability,1
formal interaction description,1
taxonomies for multimodal interaction,1
a set of executable,1
specification language,1
anguage definition,1
"then the view with id ""push-ind"" should not",1
be visible,1
"when i perform gesture ""1f(circle_n_cw,",1
"ne_n,line_e)""",1
scenario: put that there,1
"then the ""main"" activity should be open",1
"when i perform gesture ""touch_1f(hold(",1
"object))""",1
"while i say ""put that""",1
"followed by i perform gesture ""touch_1f(",1
"hold)""",1
"while i say ""there""",1
then the object should appear at this,1
feature: google gesture search test,1
scenario: gesture test 01,1
"when i perform gesture ""1f(semicircle_s_ccw",1
",semicircle_s_cw)""",1
"followed by i perform gesture ""1f(line_n,",1
"ne_e)""",1
"followed by i perform gesture ""1f(",1
"rcle_n_cw)""",1
"then i see the text ""play store""",1
gesture search,1
onclusion & future work,1
total downloads: 645,1
published: 23 august 2021,1
mälardalen university,1
muhammad nouman zafar,1
"mälardalen university, sweden",1
wasif afzal,1
eduard enoiu,1
proposed workflow,1
phase 1,1
phase 3,1
figure 2: meta-model for gherkin-like dsl,1
sut,1
phase 2,1
generated artefact,1
figure 4: implementation of xtend generator,1
executable test script generation,1
execution of generated test scripts at,1
software-in-the-loop (sil) level,1
modelling of the sut,1
"(2020), 102509.",1
heriot-watt university,1
earning systems,1
research gateway,1
general rights,1
take down policy,1
towards accountability driven development for,1
machine learning systems ⋆,1
ml system development with add,1
the workflow of add,1
technical and accountability requirements,1
design user story scenarios,1
title: producing non-discriminatory output,1
title: proving explanations for outputs,1
"propagation. plos one 10(7), e0130140 (2015)",1
google:,1
mckinsey:,1
poster paper,1
"j ?,.ʒquƹs'r should succc'c'd/ do",1
".... c;ull""'tlb • .-",1
transition towards continuous delivery in the,1
healthcare domain,1
domain-driven,1
continuous delivery in practice,1
total downloads: 321,1
published: 29 october 2019,1
specifications wrien in concordia,1
"fonseca, rio de janeiro, rj, brazil",1
"rio de janeiro, rj, brazil",1
specifications written in concordia,1
thiago delgado pinto,1
willian inacio gonçalves,1
pablo veiga costa,1
efet-rj,1
"nova friburgo, rj, brazil",1
oncordia,1
uip generation,1
an event-b model: a research idea,1
a. event-b,1
"bdd, sbvr",1
b. bdd,1
bdd2event-b,1
given c,1
when e,1
then o,1
sbvr,1
n order to g,1
as a s,1
want to d,1
want f,1
so that b,1
discussions and ongoing work,1
"m. c. norrie, eds.",1
an observational study,1
reliable,1
coherent,1
engineering,1
| p a g e,1
scenario 1: [scenario title],1
and [some more contexts],1
when [event occurs],1
and/but [some more outcomes],1
summary of the bdre approach,1
observational study,1
a. research instruments,1
study element,1
required observation,1
b. working environment,1
a. pilot projects results,1
the product under development: revosuite,1
d. the observational study goal,1
b. questionnaire results,1
total downloads: 175,1
published: 21 june 2016,1
interaction design,1
university of malta,1
safer medical device interaction design,1
hristian colombo,1
adrian francalanza,1
abigail cauchi,1
"msida, malta",1
mark micallef,1
gordon pace,1
specification as a communication medium,1
medical device number entry systems,1
erifying the specification,1
translating tests to runtime monitors,1
runtime monitoring,1
figure 5. setting flags,1
safer asynchronous runtime monitoring using,1
the journal of systems and software,1
(compute_grade_average,1
low_perf_students),1
test-based task interfaces,1
finding step definitions,1
finding references to application code,1
finding references to views,1
filtering by file type,1
applying multiple filters,1
filtering by step type,1
project selection,1
commits.,1
collecting task data,1
task extraction,1
general exclusion criteria,1
samples,1
information collected on january 2019.,1
a platform for entrepreneurs to share,1
a platform for searching and,1
a platform for promoting the agile,1
a content management application for,1
"a privacy-aware, distributed, open",1
a tool for creating targeted campaigns,1
a template for developing applications,1
a chinese project with no,1
a timesheet system.,1
a community and curriculum for,1
a management tool based on getting,1
"tasks (24.32%), 2 projects",1
"tasks (38.23%), 3 projects",1
tasks (100%),1
tasks (82.43%),1
tasks (81%),1
tasks (63.71%),1
tasks (39.19%),1
tasks (46.65%),1
tasks (27%),1
tasks (10.80%),1
not for all tasks,1
predictive ability of testi,1
improvement in precision,1
coverage,1
coverage(t) = |dtesti(t) ∩ taski(t)|,1
|taski(t)|,1
and mvc slices,1
controllers and mvc slices,1
"(3), 308-337.",1
using behaviour-driven development with,1
"gilbert arbez, liam peyton",1
mohammad alhaj,1
keywords-,1
embedded,1
behaviour-driven,1
hardware-software,1
test-driven,1
a. hw/sw co-design architecture,1
testing approach,1
b. testing environments,1
a. testing procedures,1
behaviour specified by user story,1
d. testing scenario,1
dark start,1
actors,1
"> 0, v_min2= 216",1
e. system testing,1
pv,1
battery,1
oad,1
num_bus,1
num_chan,1
min_bus_freq,1
nominal_peak value=58,1
relay_on,1
relay_off,1
v_shutdown,1
v_min2,1
v_min1,1
v_nom,1
v_max1,1
v_max2,1
f. sw module testing,1
oad management testing,1
even,1
at t0,1
at t1,1
at t2,1
at t3,1
data analysis testing,1
g. hardware testing,1
for broadcast mechanism of visual programming,1
anguage on smartphones,1
mobile regression test automation and tools,1
regression testing,1
ucumber testing tool,1
fig. 2. the cucumber process,1
bdd for regression testing: case studies,1
authors,1
